Data,Hora,Normal (kWh),Horário Económico (kWh),Autoconsumo (kWh)
2023-01-01,00,0,0.467,0
2023-01-01,01,0,0.577,0
2023-01-01,02,0,0.346,0
2023-01-01,03,0,0.27,0
2023-01-01,04,0,0.252,0
2023-01-01,05,0,0.255,0
2023-01-01,06,0,0.256,0
2023-01-01,07,0,0.263,0
2023-01-01,08,0.275,0,0.002
2023-01-01,09,0.331,0,0
2023-01-01,10,0.271,0,0
2023-01-01,11,0.25,0,0.022
2023-01-01,12,0.778,0,0.056
2023-01-01,13,0.496,0,0.007
2023-01-01,14,0.338,0,0.016
2023-01-01,15,0.362,0,0.001
2023-01-01,16,1.326,0,0
2023-01-01,17,0.631,0,0
2023-01-01,18,0.595,0,0
2023-01-01,19,2.089,0,0
2023-01-01,20,1.635,0,0
2023-01-01,21,0.637,0,0
2023-01-01,22,0,0.577,0
2023-01-01,23,0,0.566,0
2023-01-02,00,0,0.639,0
2023-01-02,01,0,0.51,0
2023-01-02,02,0,0.375,0
2023-01-02,03,0,0.345,0
2023-01-02,04,0,0.241,0
2023-01-02,05,0,0.237,0
2023-01-02,06,0,0.252,0
2023-01-02,07,0,0.974,0
2023-01-02,08,0.476,0,0.01
2023-01-02,09,0.15,0,0.083
2023-01-02,10,0.08,0,0.158
2023-01-02,11,0,0,0.251
2023-01-02,12,0,0,0.248
2023-01-02,13,0.166,0,0.078
2023-01-02,14,0.01,0,0.22
2023-01-02,15,0.023,0,0.272
2023-01-02,16,0.251,0,0.053
2023-01-02,17,0.425,0,0
2023-01-02,18,0.97,0,0
2023-01-02,19,0.683,0,0
2023-01-02,20,0.73,0,0
2023-01-02,21,0.847,0,0
2023-01-02,22,0,0.681,0
2023-01-02,23,0,0.56,0
2023-01-03,00,0,0.521,0
2023-01-03,01,0,0.338,0
2023-01-03,02,0,0.271,0
2023-01-03,03,0,0.259,0
2023-01-03,04,0,0.247,0
2023-01-03,05,0,0.263,0
2023-01-03,06,0,0.274,0
2023-01-03,07,0,0.813,0
2023-01-03,08,0.301,0,0.081
2023-01-03,09,0,0,0.325
2023-01-03,10,0,0,0.271
2023-01-03,11,0,0,0.261
2023-01-03,12,0.368,0,0.614
2023-01-03,13,0.06,0,0.495
2023-01-03,14,0,0,0.255
2023-01-03,15,0.023,0,0.221
2023-01-03,16,0.175,0,0.065
2023-01-03,17,0.23,0,0
2023-01-03,18,0.858,0,0
2023-01-03,19,0.843,0,0
2023-01-03,20,0.463,0,0
2023-01-03,21,0.854,0,0
2023-01-03,22,0,1.514,0
2023-01-03,23,0,0.609,0
2023-01-04,00,0,0.592,0
2023-01-04,01,0,0.579,0
2023-01-04,02,0,0.531,0
2023-01-04,03,0,0.264,0
2023-01-04,04,0,0.266,0
2023-01-04,05,0,0.265,0
2023-01-04,06,0,0.299,0
2023-01-04,07,0,1.245,0
2023-01-04,08,0.369,0,0.092
2023-01-04,09,0,0,0.367
2023-01-04,10,0,0,0.367
2023-01-04,11,0,0,0.361
2023-01-04,12,0,0,0.281
2023-01-04,13,0,0,0.252
2023-01-04,14,0,0,0.288
2023-01-04,15,0.204,0,0.324
2023-01-04,16,0.21,0,0.042
2023-01-04,17,0.304,0,0
2023-01-04,18,1.174,0,0
2023-01-04,19,1.826,0,0
2023-01-04,20,1.262,0,0
2023-01-04,21,0.808,0,0
2023-01-04,22,0,0.662,0
2023-01-04,23,0,0.472,0
2023-01-05,00,0,0.418,0
2023-01-05,01,0,0.361,0
2023-01-05,02,0,0.357,0
2023-01-05,03,0,0.319,0
2023-01-05,04,0,0.308,0
2023-01-05,05,0,0.303,0
2023-01-05,06,0,0.308,0
2023-01-05,07,0,0.829,0
2023-01-05,08,0.381,0,0.094
2023-01-05,09,0,0,0.335
2023-01-05,10,0.336,0,0.616
2023-01-05,11,0,0,0.337
2023-01-05,12,0.057,0,0.424
2023-01-05,13,0,0,0.343
2023-01-05,14,0,0,0.292
2023-01-05,15,0,0,0.293
2023-01-05,16,0.247,0,0.049
2023-01-05,17,0.321,0,0
2023-01-05,18,0.89,0,0
2023-01-05,19,1.752,0,0
2023-01-05,20,0.817,0,0
2023-01-05,21,1.256,0,0
2023-01-05,22,0,2.771,0
2023-01-05,23,0,2.215,0
2023-01-06,00,0,1.78,0
2023-01-06,01,0,0.95,0
2023-01-06,02,0,0.713,0
2023-01-06,03,0,0.47,0
2023-01-06,04,0,0.497,0
2023-01-06,05,0,0.443,0
2023-01-06,06,0,0.792,0
2023-01-06,07,0,1.763,0
2023-01-06,08,0.947,0,0.074
2023-01-06,09,0.245,0,0.406
2023-01-06,10,0.164,0,0.421
2023-01-06,11,0.052,0,0.449
2023-01-06,12,0.067,0,0.394
2023-01-06,13,0.018,0,0.436
2023-01-06,14,0,0,0.444
2023-01-06,15,0.222,0,0.223
2023-01-06,16,0.457,0,0.046
2023-01-06,17,0.586,0,0
2023-01-06,18,1.821,0,0
2023-01-06,19,1.046,0,0
2023-01-06,20,0.413,0,0
2023-01-06,21,0.36,0,0
2023-01-06,22,0,0.369,0
2023-01-06,23,0,0.375,0
2023-01-07,00,0,0.732,0
2023-01-07,01,0,0.605,0
2023-01-07,02,0,0.493,0
2023-01-07,03,0,1.073,0
2023-01-07,04,0,0.777,0
2023-01-07,05,0,0.469,0
2023-01-07,06,0,0.412,0
2023-01-07,07,0,0.408,0
2023-01-07,08,0.383,0,0
2023-01-07,09,0.343,0,0.023
2023-01-07,10,0.333,0,0.03
2023-01-07,11,0.415,0,0.057
2023-01-07,12,0.61,0,0.061
2023-01-07,13,0.533,0,0.065
2023-01-07,14,0.536,0,0.02
2023-01-07,15,0.922,0,0.005
2023-01-07,16,0.678,0,0.001
2023-01-07,17,0.521,0,0
2023-01-07,18,0.563,0,0
2023-01-07,19,0.668,0,0
2023-01-07,20,0.523,0,0
2023-01-07,21,0.338,0,0
2023-01-07,22,0,0.34,0
2023-01-07,23,0,0.411,0
2023-01-08,00,0,0.677,0
2023-01-08,01,0,0.286,0
2023-01-08,02,0,0.26,0
2023-01-08,03,0,0.258,0
2023-01-08,04,0,0.255,0
2023-01-08,05,0,0.283,0
2023-01-08,06,0,0.752,0
2023-01-08,07,0,0.28,0
2023-01-08,08,0.259,0,0.001
2023-01-08,09,0.226,0,0.05
2023-01-08,10,0.185,0,0.095
2023-01-08,11,0.94,0,0.105
2023-01-08,12,1.277,0,0.17
2023-01-08,13,1.165,0,0.123
2023-01-08,14,1.999,0,0.077
2023-01-08,15,2.19,0,0.025
2023-01-08,16,1.681,0,0.011
2023-01-08,17,0.797,0,0
2023-01-08,18,0.659,0,0
2023-01-08,19,0.929,0,0
2023-01-08,20,0.719,0,0
2023-01-08,21,0.418,0,0
2023-01-08,22,0,0.384,0
2023-01-08,23,0,0.395,0
2023-01-09,00,0,0.719,0
2023-01-09,01,0,0.342,0
2023-01-09,02,0,0.262,0
2023-01-09,03,0,0.256,0
2023-01-09,04,0,0.254,0
2023-01-09,05,0,0.253,0
2023-01-09,06,0,0.255,0
2023-01-09,07,0,1.127,0
2023-01-09,08,0.407,0,0.026
2023-01-09,09,0.193,0,0.184
2023-01-09,10,0.056,0,0.425
2023-01-09,11,0.286,0,0.38
2023-01-09,12,0,0,0.242
2023-01-09,13,0,0,0.245
2023-01-09,14,0,0,0.322
2023-01-09,15,0.066,0,0.265
2023-01-09,16,0.236,0,0.08
2023-01-09,17,0.314,0,0
2023-01-09,18,1.54,0,0
2023-01-09,19,2.478,0,0
2023-01-09,20,0.643,0,0
2023-01-09,21,1.644,0,0
2023-01-09,22,0,0.674,0
2023-01-09,23,0,0.532,0
2023-01-10,00,0,0.346,0
2023-01-10,01,0,0.341,0
2023-01-10,02,0,0.292,0
2023-01-10,03,0,0.28,0
2023-01-10,04,0,0.268,0
2023-01-10,05,0,0.286,0
2023-01-10,06,0,0.254,0
2023-01-10,07,0,1.36,0
2023-01-10,08,0.394,0,0.029
2023-01-10,09,0.212,0,0.086
2023-01-10,10,0.12,0,0.12
2023-01-10,11,0.007,0,0.23
2023-01-10,12,0.006,0,0.234
2023-01-10,13,0.122,0,0.161
2023-01-10,14,0.292,0,0.082
2023-01-10,15,0.633,0,0.115
2023-01-10,16,0.751,0,0.029
2023-01-10,17,0.401,0,0
2023-01-10,18,0.287,0,0
2023-01-10,19,0.431,0,0
2023-01-10,20,1.081,0,0
2023-01-10,21,0.64,0,0
2023-01-10,22,0,0.866,0
2023-01-10,23,0,0.582,0
2023-01-11,00,0,0.364,0
2023-01-11,01,0,0.257,0
2023-01-11,02,0,0.251,0
2023-01-11,03,0,0.266,0
2023-01-11,04,0,0.257,0
2023-01-11,05,0,0.25,0
2023-01-11,06,0,0.249,0
2023-01-11,07,0,0.959,0
2023-01-11,08,0.298,0,0.089
2023-01-11,09,0.461,0,0.347
2023-01-11,10,0.04,0,0.342
2023-01-11,11,0,0,0.254
2023-01-11,12,0,0,0.255
2023-01-11,13,0,0,0.252
2023-01-11,14,0,0,0.246
2023-01-11,15,0,0,0.248
2023-01-11,16,0.165,0,0.074
2023-01-11,17,0.307,0,0
2023-01-11,18,0.398,0,0
2023-01-11,19,0.386,0,0
2023-01-11,20,0.358,0,0
2023-01-11,21,0.428,0,0
2023-01-11,22,0,0.358,0
2023-01-11,23,0,0.356,0
2023-01-12,00,0,0.423,0
2023-01-12,01,0,0.253,0
2023-01-12,02,0,0.251,0
2023-01-12,03,0,0.288,0
2023-01-12,04,0,0.271,0
2023-01-12,05,0,0.255,0
2023-01-12,06,0,0.291,0
2023-01-12,07,0,1.006,0
2023-01-12,08,0.306,0,0.06
2023-01-12,09,0.09,0,0.188
2023-01-12,10,0.055,0,0.236
2023-01-12,11,0.081,0,0.183
2023-01-12,12,0.113,0,0.168
2023-01-12,13,0.101,0,0.193
2023-01-12,14,0.586,0,0.132
2023-01-12,15,0.311,0,0.084
2023-01-12,16,0.29,0,0.021
2023-01-12,17,0.992,0,0
2023-01-12,18,0.646,0,0
2023-01-12,19,0.488,0,0
2023-01-12,20,0.557,0,0
2023-01-12,21,0.858,0,0
2023-01-12,22,0,0.43,0
2023-01-12,23,0,0.336,0
2023-01-13,00,0,0.258,0
2023-01-13,01,0,0.311,0
2023-01-13,02,0,0.286,0
2023-01-13,03,0,0.303,0
2023-01-13,04,0,0.316,0
2023-01-13,05,0,0.285,0
2023-01-13,06,0,1.568,0
2023-01-13,07,0,0.874,0
2023-01-13,08,0.418,0,0.029
2023-01-13,09,0.221,0,0.081
2023-01-13,10,0.174,0,0.148
2023-01-13,11,0.051,0,0.249
2023-01-13,12,0.078,0,0.23
2023-01-13,13,0,0,0.324
2023-01-13,14,0.228,0,0.33
2023-01-13,15,0.014,0,0.324
2023-01-13,16,0.284,0,0.075
2023-01-13,17,0.352,0,0
2023-01-13,18,0.481,0,0
2023-01-13,19,1.284,0,0
2023-01-13,20,0.919,0,0
2023-01-13,21,0.517,0,0
2023-01-13,22,0,0.528,0
2023-01-13,23,0,1.154,0
2023-01-14,00,0,0.353,0
2023-01-14,01,0,0.273,0
2023-01-14,02,0,0.3,0
2023-01-14,03,0,0.302,0
2023-01-14,04,0,0.277,0
2023-01-14,05,0,1.467,0
2023-01-14,06,0,1.067,0
2023-01-14,07,0,0.303,0
2023-01-14,08,0.674,0,0.005
2023-01-14,09,0.225,0,0.076
2023-01-14,10,0.984,0,0.214
2023-01-14,11,1.013,0,0.108
2023-01-14,12,2.596,0,0.114
2023-01-14,13,1.002,0,0.204
2023-01-14,14,1.299,0,0.151
2023-01-14,15,0.568,0,0.09
2023-01-14,16,0.739,0,0.028
2023-01-14,17,1.199,0,0
2023-01-14,18,0.579,0,0
2023-01-14,19,0.567,0,0
2023-01-14,20,0.435,0,0
2023-01-14,21,0.449,0,0
2023-01-14,22,0,0.445,0
2023-01-14,23,0,0.461,0
2023-01-15,00,0,0.317,0
2023-01-15,01,0,0.293,0
2023-01-15,02,0,0.286,0
2023-01-15,03,0,1.485,0
2023-01-15,04,0,0.305,0
2023-01-15,05,0,0.296,0
2023-01-15,06,0,0.265,0
2023-01-15,07,0,0.301,0
2023-01-15,08,0.188,0,0.106
2023-01-15,09,0,0,0.364
2023-01-15,10,0.686,0,0.665
2023-01-15,11,0.371,0,0.402
2023-01-15,12,1.431,0,0.674
2023-01-15,13,0.673,0,0.506
2023-01-15,14,0.029,0,0.29
2023-01-15,15,0.754,0,0.328
2023-01-15,16,0.405,0,0.099
2023-01-15,17,0.713,0,0
2023-01-15,18,0.672,0,0
2023-01-15,19,0.754,0,0
2023-01-15,20,0.822,0,0
2023-01-15,21,0.653,0,0
2023-01-15,22,0,0.597,0
2023-01-15,23,0,0.639,0
2023-01-16,00,0,0.747,0
2023-01-16,01,0,0.556,0
2023-01-16,02,0,0.604,0
2023-01-16,03,0,0.813,0
2023-01-16,04,0,0.504,0
2023-01-16,05,0,0.49,0
2023-01-16,06,0,0.472,0
2023-01-16,07,0,1.364,0
2023-01-16,08,0.369,0,0
2023-01-16,09,0.271,0,0.013
2023-01-16,10,0.243,0,0.068
2023-01-16,11,0.251,0,0.089
2023-01-16,12,0.687,0,0.095
2023-01-16,13,0.222,0,0.071
2023-01-16,14,0.228,0,0.029
2023-01-16,15,0.306,0,0.004
2023-01-16,16,0.283,0,0
2023-01-16,17,0.504,0,0
2023-01-16,18,1.494,0,0
2023-01-16,19,0.637,0,0
2023-01-16,20,0.465,0,0
2023-01-16,21,0.48,0,0
2023-01-16,22,0,0.729,0
2023-01-16,23,0,0.517,0
2023-01-17,00,0,0.512,0
2023-01-17,01,0,0.562,0
2023-01-17,02,0,0.264,0
2023-01-17,03,0,0.305,0
2023-01-17,04,0,0.263,0
2023-01-17,05,0,0.279,0
2023-01-17,06,0,0.275,0
2023-01-17,07,0,1.006,0
2023-01-17,08,0.461,0,0.012
2023-01-17,09,0.222,0,0.122
2023-01-17,10,0.284,0,0.115
2023-01-17,11,0.276,0,0.145
2023-01-17,12,0.139,0,0.267
2023-01-17,13,0.6,0,0.233
2023-01-17,14,0.169,0,0.178
2023-01-17,15,0.431,0,0.093
2023-01-17,16,0.337,0,0.058
2023-01-17,17,0.364,0,0.002
2023-01-17,18,2.341,0,0
2023-01-17,19,0.543,0,0
2023-01-17,20,0.65,0,0
2023-01-17,21,0.372,0,0
2023-01-17,22,0,0.357,0
2023-01-17,23,0,0.447,0
2023-01-18,00,0,0.277,0
2023-01-18,01,0,0.272,0
2023-01-18,02,0,0.314,0
2023-01-18,03,0,0.279,0
2023-01-18,04,0,0.313,0
2023-01-18,05,0,0.283,0
2023-01-18,06,0,0.296,0
2023-01-18,07,0,0.957,0
2023-01-18,08,0.358,0,0.088
2023-01-18,09,1.317,0,0.363
2023-01-18,10,0.05,0,0.331
2023-01-18,11,0.047,0,0.343
2023-01-18,12,0.228,0,0.472
2023-01-18,13,0.9,0,0.543
2023-01-18,14,1.591,0,0.41
2023-01-18,15,0.145,0,0.212
2023-01-18,16,0.314,0,0.063
2023-01-18,17,0.41,0,0
2023-01-18,18,2.845,0,0
2023-01-18,19,2.037,0,0
2023-01-18,20,0.498,0,0
2023-01-18,21,0.404,0,0
2023-01-18,22,0,0.38,0
2023-01-18,23,0,0.422,0
2023-01-19,00,0,0.435,0
2023-01-19,01,0,0.422,0
2023-01-19,02,0,0.478,0
2023-01-19,03,0,0.379,0
2023-01-19,04,0,0.269,0
2023-01-19,05,0,0.263,0
2023-01-19,06,0,0.254,0
2023-01-19,07,0,0.677,0
2023-01-19,08,0.301,0,0.022
2023-01-19,09,0.649,0,0.087
2023-01-19,10,0.164,0,0.119
2023-01-19,11,0.14,0,0.15
2023-01-19,12,0.186,0,0.124
2023-01-19,13,0.158,0,0.126
2023-01-19,14,0.256,0,0.05
2023-01-19,15,0.376,0,0.021
2023-01-19,16,0.383,0,0
2023-01-19,17,0.379,0,0
2023-01-19,18,1.082,0,0
2023-01-19,19,2.43,0,0
2023-01-19,20,1.535,0,0
2023-01-19,21,0.893,0,0
2023-01-19,22,0,0.603,0
2023-01-19,23,0,0.567,0
2023-01-20,00,0,1.579,0
2023-01-20,01,0,0.517,0
2023-01-20,02,0,0.378,0
2023-01-20,03,0,0.329,0
2023-01-20,04,0,0.328,0
2023-01-20,05,0,0.319,0
2023-01-20,06,0,0.325,0
2023-01-20,07,0,0.617,0
2023-01-20,08,0.637,0,0.011
2023-01-20,09,1.361,0,0.05
2023-01-20,10,1.397,0,0.168
2023-01-20,11,0.832,0,0.4
2023-01-20,12,0,0,0.304
2023-01-20,13,0,0,0.256
2023-01-20,14,0.2,0,0.141
2023-01-20,15,0.197,0,0.171
2023-01-20,16,0.218,0,0.076
2023-01-20,17,0.277,0,0
2023-01-20,18,0.422,0,0
2023-01-20,19,0.606,0,0
2023-01-20,20,0.426,0,0
2023-01-20,21,0.431,0,0
2023-01-20,22,0,0.751,0
2023-01-20,23,0,0.492,0
2023-01-21,00,0,0.384,0
2023-01-21,01,0,0.381,0
2023-01-21,02,0,0.263,0
2023-01-21,03,0,0.304,0
2023-01-21,04,0,0.246,0
2023-01-21,05,0,0.296,0
2023-01-21,06,0,0.36,0
2023-01-21,07,0,0.248,0
2023-01-21,08,0.267,0,0.027
2023-01-21,09,0.139,0,0.3
2023-01-21,10,0,0,0.385
2023-01-21,11,0.211,0,0.508
2023-01-21,12,0.636,0,0.711
2023-01-21,13,0.723,0,0.549
2023-01-21,14,0.833,0,0.344
2023-01-21,15,0.567,0,0.384
2023-01-21,16,0.838,0,0.132
2023-01-21,17,0.521,0,0.002
2023-01-21,18,0.449,0,0
2023-01-21,19,0.373,0,0
2023-01-21,20,0.37,0,0
2023-01-21,21,0.424,0,0
2023-01-21,22,0,0.39,0
2023-01-21,23,0,0.473,0
2023-01-22,00,0,0.336,0
2023-01-22,01,0,0.386,0
2023-01-22,02,0,0.343,0
2023-01-22,03,0,0.329,0
2023-01-22,04,0,0.287,0
2023-01-22,05,0,0.264,0
2023-01-22,06,0,0.308,0
2023-01-22,07,0,0.664,0
2023-01-22,08,0.145,0,0.118
2023-01-22,09,0,0,0.309
2023-01-22,10,0,0,0.284
2023-01-22,11,0,0,0.44
2023-01-22,12,0.478,0,0.91
2023-01-22,13,0.944,0,0.887
2023-01-22,14,0.002,0,0.504
2023-01-22,15,0,0,0.353
2023-01-22,16,1.355,0,0.09
2023-01-22,17,0.582,0,0
2023-01-22,18,1.569,0,0
2023-01-22,19,1.84,0,0
2023-01-22,20,0.55,0,0
2023-01-22,21,0.385,0,0
2023-01-22,22,0,0.342,0
2023-01-22,23,0,0.465,0
2023-01-23,00,0,0.455,0
2023-01-23,01,0,0.305,0
2023-01-23,02,0,0.348,0
2023-01-23,03,0,0.332,0
2023-01-23,04,0,0.285,0
2023-01-23,05,0,0.301,0
2023-01-23,06,0,0.275,0
2023-01-23,07,0,1.683,0
2023-01-23,08,0.23,0,0.133
2023-01-23,09,0,0,0.299
2023-01-23,10,0,0,0.294
2023-01-23,11,0,0,0.3
2023-01-23,12,0,0,0.301
2023-01-23,13,0,0,0.37
2023-01-23,14,0,0,0.295
2023-01-23,15,0,0,0.307
2023-01-23,16,0.152,0,0.136
2023-01-23,17,0.453,0,0.001
2023-01-23,18,0.368,0,0
2023-01-23,19,1.346,0,0
2023-01-23,20,0.444,0,0
2023-01-23,21,0.369,0,0
2023-01-23,22,0,0.419,0
2023-01-23,23,0,0.31,0
2023-01-24,00,0,0.351,0
2023-01-24,01,0,0.376,0
2023-01-24,02,0,0.373,0
2023-01-24,03,0,0.351,0
2023-01-24,04,0,0.361,0
2023-01-24,05,0,0.339,0
2023-01-24,06,0,0.362,0
2023-01-24,07,0,1.157,0
2023-01-24,08,0.291,0,0.171
2023-01-24,09,0,0,0.305
2023-01-24,10,0,0,0.355
2023-01-24,11,0,0,0.347
2023-01-24,12,0,0,0.358
2023-01-24,13,0,0,0.364
2023-01-24,14,0,0,0.341
2023-01-24,15,0,0,0.356
2023-01-24,16,0.185,0,0.149
2023-01-24,17,0.534,0,0.001
2023-01-24,18,2.337,0,0
2023-01-24,19,2.198,0,0
2023-01-24,20,0.647,0,0
2023-01-24,21,0.516,0,0
2023-01-24,22,0,0.469,0
2023-01-24,23,0,0.418,0
2023-01-25,00,0,0.394,0
2023-01-25,01,0,0.378,0
2023-01-25,02,0,0.307,0
2023-01-25,03,0,0.327,0
2023-01-25,04,0,0.295,0
2023-01-25,05,0,0.328,0
2023-01-25,06,0,0.277,0
2023-01-25,07,0,1.083,0
2023-01-25,08,0.273,0,0.137
2023-01-25,09,0,0,0.287
2023-01-25,10,0,0,0.31
2023-01-25,11,0.298,0,0.613
2023-01-25,12,0.405,0,0.648
2023-01-25,13,0,0,0.277
2023-01-25,14,0.023,0,0.581
2023-01-25,15,0.155,0,0.401
2023-01-25,16,0.176,0,0.155
2023-01-25,17,0.308,0,0.003
2023-01-25,18,0.564,0,0
2023-01-25,19,0.741,0,0
2023-01-25,20,1.811,0,0
2023-01-25,21,0.539,0,0
2023-01-25,22,0,0.401,0
2023-01-25,23,0,0.424,0
2023-01-26,00,0,0.407,0
2023-01-26,01,0,0.394,0
2023-01-26,02,0,0.311,0
2023-01-26,03,0,0.305,0
2023-01-26,04,0,0.326,0
2023-01-26,05,0,0.287,0
2023-01-26,06,0,0.309,0
2023-01-26,07,0,1.236,0
2023-01-26,08,0.333,0,0.039
2023-01-26,09,0,0,0.293
2023-01-26,10,0,0,0.295
2023-01-26,11,0,0,0.309
2023-01-26,12,0.212,0,0.376
2023-01-26,13,0.007,0,0.29
2023-01-26,14,0.392,0,0.314
2023-01-26,15,0.056,0,0.238
2023-01-26,16,0.606,0,0.169
2023-01-26,17,1.479,0,0.003
2023-01-26,18,1.577,0,0
2023-01-26,19,1.055,0,0
2023-01-26,20,0.564,0,0
2023-01-26,21,0.721,0,0
2023-01-26,22,0,0.595,0
2023-01-26,23,0,0.507,0
2023-01-27,00,0,0.524,0
2023-01-27,01,0,0.556,0
2023-01-27,02,0,0.57,0
2023-01-27,03,0,0.421,0
2023-01-27,04,0,0.308,0
2023-01-27,05,0,0.29,0
2023-01-27,06,0,0.305,0
2023-01-27,07,0,0.893,0
2023-01-27,08,0.313,0,0.173
2023-01-27,09,0,0,0.299
2023-01-27,10,0,0,0.303
2023-01-27,11,0,0,0.316
2023-01-27,12,0.001,0,0.596
2023-01-27,13,0.063,0,0.474
2023-01-27,14,0.046,0,0.401
2023-01-27,15,0.481,0,0.44
2023-01-27,16,0.273,0,0.185
2023-01-27,17,0.458,0,0.009
2023-01-27,18,0.493,0,0
2023-01-27,19,0.506,0,0
2023-01-27,20,0.612,0,0
2023-01-27,21,0.571,0,0
2023-01-27,22,0,0.578,0
2023-01-27,23,0,0.494,0
2023-01-28,00,0,0.595,0
2023-01-28,01,0,0.37,0
2023-01-28,02,0,0.316,0
2023-01-28,03,0,0.315,0
2023-01-28,04,0,0.3,0
2023-01-28,05,0,0.318,0
2023-01-28,06,0,1.018,0
2023-01-28,07,0,1.364,0
2023-01-28,08,0.124,0,0.179
2023-01-28,09,0.062,0,0.444
2023-01-28,10,0.11,0,0.459
2023-01-28,11,0.213,0,0.652
2023-01-28,12,0,0,0.315
2023-01-28,13,0,0,0.305
2023-01-28,14,0.758,0,0.408
2023-01-28,15,1.328,0,0.544
2023-01-28,16,0.478,0,0.182
2023-01-28,17,0.553,0,0.002
2023-01-28,18,0.902,0,0
2023-01-28,19,2.183,0,0
2023-01-28,20,1.155,0,0
2023-01-28,21,0.71,0,0
2023-01-28,22,0,1.683,0
2023-01-28,23,0,0.916,0
2023-01-29,00,0,0.557,0
2023-01-29,01,0,0.41,0
2023-01-29,02,0,0.325,0
2023-01-29,03,0,0.331,0
2023-01-29,04,0,0.366,0
2023-01-29,05,0,0.321,0
2023-01-29,06,0,0.306,0
2023-01-29,07,0,1.177,0
2023-01-29,08,0.222,0,0.176
2023-01-29,09,0.13,0,0.437
2023-01-29,10,0.657,0,0.749
2023-01-29,11,0.022,0,0.606
2023-01-29,12,0.794,0,0.995
2023-01-29,13,0,0,0.587
2023-01-29,14,0.615,0,0.448
2023-01-29,15,0.469,0,0.505
2023-01-29,16,3.381,0,0.192
2023-01-29,17,1.893,0,0.002
2023-01-29,18,0.659,0,0
2023-01-29,19,0.568,0,0
2023-01-29,20,1.097,0,0
2023-01-29,21,1.375,0,0
2023-01-29,22,0,1.643,0
2023-01-29,23,0,1.656,0
2023-01-30,00,0,0.557,0
2023-01-30,01,0,0.446,0
2023-01-30,02,0,0.305,0
2023-01-30,03,0,0.29,0
2023-01-30,04,0,0.313,0
2023-01-30,05,0,0.288,0
2023-01-30,06,0,0.313,0
2023-01-30,07,0,2.207,0
2023-01-30,08,0.321,0,0.191
2023-01-30,09,0,0,0.362
2023-01-30,10,0.407,0,0.446
2023-01-30,11,1.307,0,0.833
2023-01-30,12,0.1,0,0.476
2023-01-30,13,0,0,0.302
2023-01-30,14,0.302,0,0.602
2023-01-30,15,0,0,0.371
2023-01-30,16,0.168,0,0.191
2023-01-30,17,0.275,0,0.005
2023-01-30,18,0.698,0,0
2023-01-30,19,1.087,0,0
2023-01-30,20,0.468,0,0
2023-01-30,21,0.443,0,0
2023-01-30,22,0,0.496,0
2023-01-30,23,0,0.579,0
2023-01-31,00,0,0.573,0
2023-01-31,01,0,0.504,0
2023-01-31,02,0,0.317,0
2023-01-31,03,0,0.322,0
2023-01-31,04,0,0.297,0
2023-01-31,05,0,0.3,0
2023-01-31,06,0,0.302,0
2023-01-31,07,0,0.84,0
2023-01-31,08,0.174,0,0.184
2023-01-31,09,0,0,0.28
2023-01-31,10,0,0,0.283
2023-01-31,11,0.617,0,0.849
2023-01-31,12,0,0,0.379
2023-01-31,13,0,0,0.295
2023-01-31,14,0.488,0,0.504
2023-01-31,15,0.949,0,0.531
2023-01-31,16,0.9,0,0.188
2023-01-31,17,0.279,0,0.007
2023-01-31,18,0.627,0,0
2023-01-31,19,2.782,0,0
2023-01-31,20,0.716,0,0
2023-01-31,21,0.642,0,0
2023-01-31,22,0,1.635,0
2023-01-31,23,0,1.706,0
2023-02-01,00,0,1.65,0
2023-02-01,01,0,0.585,0
2023-02-01,02,0,0.394,0
2023-02-01,03,0,0.325,0
2023-02-01,04,0,0.289,0
2023-02-01,05,0,0.299,0
2023-02-01,06,0,1.803,0
2023-02-01,07,0,1.476,0
2023-02-01,08,0.195,0,0.191
2023-02-01,09,0,0,0.29
2023-02-01,10,0,0,0.308
2023-02-01,11,0,0,0.286
2023-02-01,12,0.121,0,0.536
2023-02-01,13,0,0,0.308
2023-02-01,14,0.284,0,0.514
2023-02-01,15,0,0,0.409
2023-02-01,16,0.712,0,0.209
2023-02-01,17,0.359,0,0.003
2023-02-01,18,1.622,0,0
2023-02-01,19,1.159,0,0
2023-02-01,20,0.703,0,0
2023-02-01,21,0.823,0,0
2023-02-01,22,0,0.642,0
2023-02-01,23,0,0.633,0
2023-02-02,00,0,0.623,0
2023-02-02,01,0,0.635,0
2023-02-02,02,0,0.612,0
2023-02-02,03,0,0.444,0
2023-02-02,04,0,0.338,0
2023-02-02,05,0,0.341,0
2023-02-02,06,0,0.355,0
2023-02-02,07,0,1.339,0
2023-02-02,08,0.268,0,0.203
2023-02-02,09,0.135,0,0.426
2023-02-02,10,0.272,0,0.554
2023-02-02,11,0,0,0.338
2023-02-02,12,0.229,0,0.531
2023-02-02,13,0,0,0.33
2023-02-02,14,0.132,0,0.462
2023-02-02,15,0,0,0.414
2023-02-02,16,0.175,0,0.201
2023-02-02,17,0.368,0,0.007
2023-02-02,18,1.621,0,0
2023-02-02,19,1.397,0,0
2023-02-02,20,1.272,0,0
2023-02-02,21,1.972,0,0
2023-02-02,22,0,1.831,0
2023-02-02,23,0,1.76,0
2023-02-03,00,0,1.801,0
2023-02-03,01,0,1.416,0
2023-02-03,02,0,0.612,0
2023-02-03,03,0,0.86,0
2023-02-03,04,0,0.337,0
2023-02-03,05,0,0.309,0
2023-02-03,06,0,0.285,0
2023-02-03,07,0,0.812,0
2023-02-03,08,1.09,0,0.217
2023-02-03,09,0,0,0.358
2023-02-03,10,0,0,0.377
2023-02-03,11,0.089,0,0.551
2023-02-03,12,0,0,0.337
2023-02-03,13,0,0,0.314
2023-02-03,14,0,0,0.313
2023-02-03,15,0,0,0.324
2023-02-03,16,1.065,0,0.182
2023-02-03,17,2.764,0,0.008
2023-02-03,18,1.273,0,0
2023-02-03,19,0.57,0,0
2023-02-03,20,1.068,0,0
2023-02-03,21,0.853,0,0
2023-02-03,22,0,0.666,0
2023-02-03,23,0,0.6,0
2023-02-04,00,0,0.506,0
2023-02-04,01,0,0.473,0
2023-02-04,02,0,0.309,0
2023-02-04,03,0,0.375,0
2023-02-04,04,0,0.32,0
2023-02-04,05,0,0.29,0
2023-02-04,06,0,0.294,0
2023-02-04,07,0,0.306,0
2023-02-04,08,0.094,0,0.201
2023-02-04,09,0.531,0,0.51
2023-02-04,10,0,0,0.362
2023-02-04,11,0.2,0,0.733
2023-02-04,12,0.38,0,0.867
2023-02-04,13,0.014,0,0.456
2023-02-04,14,0.917,0,0.691
2023-02-04,15,0,0,0.361
2023-02-04,16,0.157,0,0.204
2023-02-04,17,1.409,0,0.009
2023-02-04,18,0.669,0,0
2023-02-04,19,0.628,0,0
2023-02-04,20,0.519,0,0
2023-02-04,21,0.45,0,0
2023-02-04,22,0,0.539,0
2023-02-04,23,0,0.814,0
2023-02-05,00,0,0.493,0
2023-02-05,01,0,0.368,0
2023-02-05,02,0,0.3,0
2023-02-05,03,0,0.314,0
2023-02-05,04,0,0.297,0
2023-02-05,05,0,0.311,0
2023-02-05,06,0,0.3,0
2023-02-05,07,0,0.306,0
2023-02-05,08,0.119,0,0.211
2023-02-05,09,0,0,0.296
2023-02-05,10,0,0,0.318
2023-02-05,11,0.986,0,0.962
2023-02-05,12,1.31,0,0.981
2023-02-05,13,0,0,0.655
2023-02-05,14,0.92,0,0.793
2023-02-05,15,2.255,0,0.567
2023-02-05,16,0.378,0,0.238
2023-02-05,17,0.405,0,0.006
2023-02-05,18,1.083,0,0
2023-02-05,19,1.091,0,0
2023-02-05,20,1.165,0,0
2023-02-05,21,0.55,0,0
2023-02-05,22,0,0.447,0
2023-02-05,23,0,1.177,0
2023-02-06,00,0,1.818,0
2023-02-06,01,0,1.639,0
2023-02-06,02,0,1.479,0
2023-02-06,03,0,0.362,0
2023-02-06,04,0,0.348,0
2023-02-06,05,0,0.348,0
2023-02-06,06,0,0.352,0
2023-02-06,07,0,1.538,0
2023-02-06,08,0.272,0,0.236
2023-02-06,09,0,0,0.334
2023-02-06,10,0,0,0.301
2023-02-06,11,0,0,0.272
2023-02-06,12,0,0,0.31
2023-02-06,13,0,0,0.286
2023-02-06,14,0.453,0,0.447
2023-02-06,15,0.087,0,0.429
2023-02-06,16,0.178,0,0.231
2023-02-06,17,0.372,0,0.009
2023-02-06,18,1.32,0,0
2023-02-06,19,0.875,0,0
2023-02-06,20,0.444,0,0
2023-02-06,21,0.552,0,0
2023-02-06,22,0,0.628,0
2023-02-06,23,0,0.705,0
2023-02-07,00,0,1.195,0
2023-02-07,01,0,1.352,0
2023-02-07,02,0,0.3,0
2023-02-07,03,0,0.317,0
2023-02-07,04,0,0.297,0
2023-02-07,05,0,0.308,0
2023-02-07,06,0,0.303,0
2023-02-07,07,0,0.848,0
2023-02-07,08,0.305,0,0.223
2023-02-07,09,0,0,0.292
2023-02-07,10,0,0,0.318
2023-02-07,11,0,0,0.297
2023-02-07,12,0.357,0,0.664
2023-02-07,13,0,0,0.311
2023-02-07,14,0.299,0,0.506
2023-02-07,15,0,0,0.416
2023-02-07,16,0.174,0,0.233
2023-02-07,17,0.431,0,0.01
2023-02-07,18,0.583,0,0
2023-02-07,19,1.16,0,0
2023-02-07,20,0.818,0,0
2023-02-07,21,1.258,0,0
2023-02-07,22,0,1.824,0
2023-02-07,23,0,1.823,0
2023-02-08,00,0,1.82,0
2023-02-08,01,0,1.778,0
2023-02-08,02,0,1.02,0
2023-02-08,03,0,0.478,0
2023-02-08,04,0,0.297,0
2023-02-08,05,0,0.336,0
2023-02-08,06,0,0.336,0
2023-02-08,07,0,1.141,0
2023-02-08,08,0.372,0,0.024
2023-02-08,09,0.106,0,0.156
2023-02-08,10,0.006,0,0.268
2023-02-08,11,0.035,0,0.483
2023-02-08,12,0.743,0,0.704
2023-02-08,13,0,0,0.31
2023-02-08,14,0.351,0,0.436
2023-02-08,15,0.072,0,0.396
2023-02-08,16,1.219,0,0.258
2023-02-08,17,2.186,0,0.006
2023-02-08,18,1.252,0,0
2023-02-08,19,0.79,0,0
2023-02-08,20,0.435,0,0
2023-02-08,21,0.338,0,0
2023-02-08,22,0,0.68,0
2023-02-08,23,0,0.587,0
2023-02-09,00,0,0.471,0
2023-02-09,01,0,0.371,0
2023-02-09,02,0,0.356,0
2023-02-09,03,0,0.316,0
2023-02-09,04,0,0.286,0
2023-02-09,05,0,0.282,0
2023-02-09,06,0,0.31,0
2023-02-09,07,0,0.729,0
2023-02-09,08,0.181,0,0.227
2023-02-09,09,0,0,0.298
2023-02-09,10,0.401,0,0.764
2023-02-09,11,0.52,0,0.673
2023-02-09,12,0,0,0.299
2023-02-09,13,0,0,0.305
2023-02-09,14,0,0,0.423
2023-02-09,15,0,0,0.343
2023-02-09,16,0.211,0,0.265
2023-02-09,17,1.353,0,0.01
2023-02-09,18,2.506,0,0
2023-02-09,19,2.948,0,0
2023-02-09,20,0.984,0,0
2023-02-09,21,1.513,0,0
2023-02-09,22,0,1.141,0
2023-02-09,23,0,1.703,0
2023-02-10,00,0,0.84,0
2023-02-10,01,0,0.538,0
2023-02-10,02,0,0.501,0
2023-02-10,03,0,0.494,0
2023-02-10,04,0,0.357,0
2023-02-10,05,0,0.304,0
2023-02-10,06,0,0.307,0
2023-02-10,07,0,1.109,0
2023-02-10,08,0.233,0,0.224
2023-02-10,09,0,0,0.305
2023-02-10,10,0.386,0,0.687
2023-02-10,11,0.249,0,0.533
2023-02-10,12,0.287,0,0.623
2023-02-10,13,0,0,0.287
2023-02-10,14,0,0,0.32
2023-02-10,15,0,0,0.33
2023-02-10,16,0.086,0,0.249
2023-02-10,17,0.305,0,0.013
2023-02-10,18,0.564,0,0
2023-02-10,19,1.442,0,0
2023-02-10,20,0.318,0,0
2023-02-10,21,0.36,0,0
2023-02-10,22,0,0.512,0
2023-02-10,23,0,0.509,0
2023-02-11,00,0,0.482,0
2023-02-11,01,0,0.504,0
2023-02-11,02,0,0.375,0
2023-02-11,03,0,0.341,0
2023-02-11,04,0,0.325,0
2023-02-11,05,0,0.329,0
2023-02-11,06,0,0.301,0
2023-02-11,07,0,1.081,0
2023-02-11,08,0.162,0,0.228
2023-02-11,09,0,0,0.298
2023-02-11,10,0,0,0.31
2023-02-11,11,0.719,0,0.849
2023-02-11,12,0.073,0,0.857
2023-02-11,13,0.338,0,0.9
2023-02-11,14,0.159,0,0.644
2023-02-11,15,0.01,0,0.496
2023-02-11,16,0.434,0,0.242
2023-02-11,17,0.596,0,0.004
2023-02-11,18,0.566,0,0
2023-02-11,19,0.977,0,0
2023-02-11,20,0.393,0,0
2023-02-11,21,0.465,0,0
2023-02-11,22,0,1.345,0
2023-02-11,23,0,0.496,0
2023-02-12,00,0,0.599,0
2023-02-12,01,0,0.494,0
2023-02-12,02,0,0.352,0
2023-02-12,03,0,0.36,0
2023-02-12,04,0,0.338,0
2023-02-12,05,0,0.605,0
2023-02-12,06,0,1.04,0
2023-02-12,07,0,0.391,0.002
2023-02-12,08,0.087,0,0.248
2023-02-12,09,0.017,0,0.436
2023-02-12,10,0.625,0,0.791
2023-02-12,11,0.03,0,0.695
2023-02-12,12,0.386,0,0.718
2023-02-12,13,0.077,0,0.337
2023-02-12,14,0,0,0.294
2023-02-12,15,0.44,0,0.206
2023-02-12,16,1.742,0,0.08
2023-02-12,17,1.619,0,0.014
2023-02-12,18,0.578,0,0
2023-02-12,19,1.861,0,0
2023-02-12,20,1.039,0,0
2023-02-12,21,0.537,0,0
2023-02-12,22,0,1.115,0
2023-02-12,23,0,2.7,0
2023-02-13,00,0,2.029,0
2023-02-13,01,0,0.431,0
2023-02-13,02,0,0.383,0
2023-02-13,03,0,0.34,0
2023-02-13,04,0,0.328,0
2023-02-13,05,0,0.313,0
2023-02-13,06,0,0.315,0
2023-02-13,07,0,1.475,0
2023-02-13,08,0.506,0,0.066
2023-02-13,09,0.122,0,0.185
2023-02-13,10,0.03,0,0.272
2023-02-13,11,0,0,0.296
2023-02-13,12,0,0,0.315
2023-02-13,13,0,0,0.292
2023-02-13,14,0,0,0.3
2023-02-13,15,0,0,0.399
2023-02-13,16,0.126,0,0.27
2023-02-13,17,0.376,0,0.025
2023-02-13,18,1.585,0,0
2023-02-13,19,2.533,0,0
2023-02-13,20,1.498,0,0
2023-02-13,21,1.158,0,0
2023-02-13,22,0,1.171,0
2023-02-13,23,0,0.907,0
2023-02-14,00,0,0.549,0
2023-02-14,01,0,0.374,0
2023-02-14,02,0,0.325,0
2023-02-14,03,0,0.312,0
2023-02-14,04,0,0.315,0
2023-02-14,05,0,0.312,0
2023-02-14,06,0,0.298,0
2023-02-14,07,0,1.017,0
2023-02-14,08,0.143,0,0.181
2023-02-14,09,0.906,0,0.411
2023-02-14,10,0,0,0.284
2023-02-14,11,0,0,0.298
2023-02-14,12,0,0,0.284
2023-02-14,13,0,0,0.29
2023-02-14,14,0.178,0,0.474
2023-02-14,15,0,0,0.277
2023-02-14,16,0.129,0,0.171
2023-02-14,17,0.295,0,0.024
2023-02-14,18,0.54,0,0
2023-02-14,19,0.808,0,0
2023-02-14,20,0.735,0,0
2023-02-14,21,0.837,0,0
2023-02-14,22,0,0.566,0
2023-02-14,23,0,0.616,0
2023-02-15,00,0,0.605,0
2023-02-15,01,0,0.512,0
2023-02-15,02,0,0.433,0
2023-02-15,03,0,0.416,0
2023-02-15,04,0,0.267,0
2023-02-15,05,0,0.263,0
2023-02-15,06,0,0.309,0
2023-02-15,07,0,1.326,0.007
2023-02-15,08,0.429,0,0.214
2023-02-15,09,0,0,0.245
2023-02-15,10,0,0,0.329
2023-02-15,11,0.325,0,0.782
2023-02-15,12,0.507,0,0.803
2023-02-15,13,0,0,0.312
2023-02-15,14,0.268,0,0.697
2023-02-15,15,0,0,0.36
2023-02-15,16,0.157,0,0.25
2023-02-15,17,0.39,0,0.029
2023-02-15,18,0.564,0,0
2023-02-15,19,0.456,0,0
2023-02-15,20,0.59,0,0
2023-02-15,21,0.583,0,0
2023-02-15,22,0,0.612,0
2023-02-15,23,0,0.624,0
2023-02-16,00,0,0.572,0
2023-02-16,01,0,0.498,0
2023-02-16,02,0,0.32,0
2023-02-16,03,0,0.267,0
2023-02-16,04,0,0.314,0
2023-02-16,05,0,0.243,0
2023-02-16,06,0,0.271,0
2023-02-16,07,0,0.767,0.004
2023-02-16,08,0.124,0,0.194
2023-02-16,09,0,0,0.234
2023-02-16,10,0.474,0,0.494
2023-02-16,11,0,0,0.257
2023-02-16,12,0,0,0.254
2023-02-16,13,0,0,0.255
2023-02-16,14,0,0,0.249
2023-02-16,15,0,0,0.247
2023-02-16,16,0.091,0,0.222
2023-02-16,17,0.251,0,0.031
2023-02-16,18,0.849,0,0
2023-02-16,19,1.41,0,0
2023-02-16,20,1.102,0,0
2023-02-16,21,0.536,0,0
2023-02-16,22,0,2.162,0
2023-02-16,23,0,0.711,0
2023-02-17,00,0,1.039,0
2023-02-17,01,0,0.419,0
2023-02-17,02,0,0.446,0
2023-02-17,03,0,0.408,0
2023-02-17,04,0,0.264,0
2023-02-17,05,0,0.256,0
2023-02-17,06,0,0.256,0
2023-02-17,07,0,1.149,0.006
2023-02-17,08,0.078,0,0.235
2023-02-17,09,0,0,0.247
2023-02-17,10,0,0,0.254
2023-02-17,11,0,0,0.256
2023-02-17,12,0,0,0.26
2023-02-17,13,0,0,0.336
2023-02-17,14,0.434,0,0.612
2023-02-17,15,0.108,0,0.545
2023-02-17,16,0.071,0,0.306
2023-02-17,17,0.233,0,0.026
2023-02-17,18,0.345,0,0
2023-02-17,19,0.403,0,0
2023-02-17,20,0.429,0,0
2023-02-17,21,0.538,0,0
2023-02-17,22,0,0.579,0
2023-02-17,23,0,0.568,0
2023-02-18,00,0,0.529,0
2023-02-18,01,0,0.476,0
2023-02-18,02,0,0.421,0
2023-02-18,03,0,0.275,0
2023-02-18,04,0,0.268,0
2023-02-18,05,0,0.265,0
2023-02-18,06,0,1.387,0
2023-02-18,07,0,0.481,0.005
2023-02-18,08,0.016,0,0.238
2023-02-18,09,0,0,0.26
2023-02-18,10,0.222,0,0.564
2023-02-18,11,1.301,0,0.954
2023-02-18,12,2.131,0,0.995
2023-02-18,13,0.004,0,0.584
2023-02-18,14,0.86,0,0.448
2023-02-18,15,0.024,0,0.282
2023-02-18,16,0.237,0,0.18
2023-02-18,17,0.843,0,0.02
2023-02-18,18,0.883,0,0
2023-02-18,19,0.514,0,0
2023-02-18,20,0.643,0,0
2023-02-18,21,0.601,0,0
2023-02-18,22,0,0.586,0
2023-02-18,23,0,0.582,0
2023-02-19,00,0,1.6,0
2023-02-19,01,0,0.541,0
2023-02-19,02,0,0.344,0
2023-02-19,03,0,0.357,0
2023-02-19,04,0,0.3,0
2023-02-19,05,0,0.332,0
2023-02-19,06,0,0.328,0
2023-02-19,07,0,0.348,0.011
2023-02-19,08,0.103,0,0.211
2023-02-19,09,0.19,0,0.282
2023-02-19,10,0,0,0.331
2023-02-19,11,0.224,0,0.514
2023-02-19,12,1.068,0,0.976
2023-02-19,13,0.297,0,0.54
2023-02-19,14,0.423,0,0.498
2023-02-19,15,0.781,0,0.249
2023-02-19,16,0.146,0,0.235
2023-02-19,17,0.245,0,0.062
2023-02-19,18,0.472,0,0
2023-02-19,19,0.968,0,0
2023-02-19,20,0.705,0,0
2023-02-19,21,0.573,0,0
2023-02-19,22,0,0.484,0
2023-02-19,23,0,0.524,0
2023-02-20,00,0,0.52,0
2023-02-20,01,0,0.443,0
2023-02-20,02,0,0.274,0
2023-02-20,03,0,0.312,0
2023-02-20,04,0,0.256,0
2023-02-20,05,0,0.244,0
2023-02-20,06,0,0.25,0
2023-02-20,07,0,1.045,0
2023-02-20,08,0.484,0,0.046
2023-02-20,09,0.134,0,0.123
2023-02-20,10,0.027,0,0.242
2023-02-20,11,0.109,0,0.286
2023-02-20,12,0.993,0,0.475
2023-02-20,13,0,0,0.243
2023-02-20,14,0.01,0,0.228
2023-02-20,15,0.073,0,0.166
2023-02-20,16,0.18,0,0.064
2023-02-20,17,0.254,0,0.004
2023-02-20,18,0.333,0,0
2023-02-20,19,0.42,0,0
2023-02-20,20,0.534,0,0
2023-02-20,21,0.601,0,0
2023-02-20,22,0,0.594,0
2023-02-20,23,0,0.561,0
2023-02-21,00,0,0.569,0
2023-02-21,01,0,0.561,0
2023-02-21,02,0,0.509,0
2023-02-21,03,0,0.494,0
2023-02-21,04,0,0.491,0
2023-02-21,05,0,0.422,0
2023-02-21,06,0,0.264,0
2023-02-21,07,0,0.262,0.003
2023-02-21,08,0.21,0,0.052
2023-02-21,09,0.183,0,0.158
2023-02-21,10,0.212,0,0.196
2023-02-21,11,0.01,0,0.361
2023-02-21,12,0.617,0,0.345
2023-02-21,13,0.536,0,0.085
2023-02-21,14,0.308,0,0.227
2023-02-21,15,0.354,0,0.209
2023-02-21,16,0.422,0,0.064
2023-02-21,17,0.464,0,0.013
2023-02-21,18,0.533,0,0
2023-02-21,19,2.77,0,0
2023-02-21,20,1.482,0,0
2023-02-21,21,0.715,0,0
2023-02-21,22,0,0.56,0
2023-02-21,23,0,0.738,0
2023-02-22,00,0,0.427,0
2023-02-22,01,0,0.236,0
2023-02-22,02,0,0.385,0
2023-02-22,03,0,0.32,0
2023-02-22,04,0,0.242,0
2023-02-22,05,0,0.247,0
2023-02-22,06,0,0.254,0
2023-02-22,07,0,0.573,0
2023-02-22,08,0.696,0,0.048
2023-02-22,09,0.168,0,0.235
2023-02-22,10,0.546,0,0.783
2023-02-22,11,0.208,0,0.518
2023-02-22,12,0,0,0.403
2023-02-22,13,0.172,0,0.302
2023-02-22,14,0.03,0,0.344
2023-02-22,15,0.177,0,0.243
2023-02-22,16,0.258,0,0.191
2023-02-22,17,0.241,0,0.039
2023-02-22,18,1.128,0,0
2023-02-22,19,0.518,0,0
2023-02-22,20,1.229,0,0
2023-02-22,21,1.321,0,0
2023-02-22,22,0,0.6,0
2023-02-22,23,0,0.583,0
2023-02-23,00,0,0.522,0
2023-02-23,01,0,0.447,0
2023-02-23,02,0,0.251,0
2023-02-23,03,0,0.244,0
2023-02-23,04,0,0.243,0
2023-02-23,05,0,0.238,0
2023-02-23,06,0,0.24,0
2023-02-23,07,0,0.223,0.017
2023-02-23,08,0.895,0,0.325
2023-02-23,09,0,0,0.268
2023-02-23,10,0,0,0.273
2023-02-23,11,0.571,0,0.564
2023-02-23,12,0.788,0,0.397
2023-02-23,13,0.048,0,0.383
2023-02-23,14,0,0,0.432
2023-02-23,15,0,0,0.391
2023-02-23,16,0.15,0,0.307
2023-02-23,17,0.332,0,0.061
2023-02-23,18,1.297,0,0
2023-02-23,19,1.62,0,0
2023-02-23,20,0.972,0,0
2023-02-23,21,0.715,0,0
2023-02-23,22,0,0.79,0
2023-02-23,23,0,0.652,0
2023-02-24,00,0,0.65,0
2023-02-24,01,0,1.161,0
2023-02-24,02,0,0.442,0
2023-02-24,03,0,0.269,0
2023-02-24,04,0,0.26,0
2023-02-24,05,0,0.307,0
2023-02-24,06,0,0.306,0
2023-02-24,07,0,0.633,0.021
2023-02-24,08,0.048,0,0.309
2023-02-24,09,0,0,0.326
2023-02-24,10,0.343,0,0.733
2023-02-24,11,0.015,0,0.809
2023-02-24,12,0.116,0,0.589
2023-02-24,13,0,0,0.272
2023-02-24,14,0,0,0.292
2023-02-24,15,0.081,0,0.457
2023-02-24,16,0.082,0,0.326
2023-02-24,17,0.308,0,0.048
2023-02-24,18,0.448,0,0
2023-02-24,19,1.336,0,0
2023-02-24,20,0.756,0,0
2023-02-24,21,0.723,0,0
2023-02-24,22,0,0.696,0
2023-02-24,23,0,1.797,0
2023-02-25,00,0,2.527,0
2023-02-25,01,0,2.478,0
2023-02-25,02,0,2.468,0
2023-02-25,03,0,0.851,0
2023-02-25,04,0,0.31,0
2023-02-25,05,0,0.318,0
2023-02-25,06,0,0.327,0
2023-02-25,07,0,0.319,0
2023-02-25,08,0.29,0,0.022
2023-02-25,09,0.255,0,0.083
2023-02-25,10,0.139,0,0.178
2023-02-25,11,0.889,0,0.208
2023-02-25,12,0.469,0,0.176
2023-02-25,13,0.355,0,0.205
2023-02-25,14,0.185,0,0.139
2023-02-25,15,0.238,0,0.071
2023-02-25,16,0.386,0,0.035
2023-02-25,17,0.537,0,0
2023-02-25,18,0.894,0,0
2023-02-25,19,0.882,0,0
2023-02-25,20,1.791,0,0
2023-02-25,21,1.124,0,0
2023-02-25,22,0,0.579,0
2023-02-25,23,0,0.569,0
2023-02-26,00,0,0.516,0
2023-02-26,01,0,0.609,0
2023-02-26,02,0,0.548,0
2023-02-26,03,0,0.717,0
2023-02-26,04,0,0.545,0
2023-02-26,05,0,0.806,0
2023-02-26,06,0,0.324,0
2023-02-26,07,0,0.287,0.032
2023-02-26,08,0.045,0,0.282
2023-02-26,09,0,0,0.332
2023-02-26,10,0,0,0.333
2023-02-26,11,0.261,0,0.656
2023-02-26,12,1.123,0,1.07
2023-02-26,13,0.09,0,0.675
2023-02-26,14,0.093,0,0.722
2023-02-26,15,0,0,0.52
2023-02-26,16,0.207,0,0.374
2023-02-26,17,0.507,0,0.051
2023-02-26,18,2.191,0,0
2023-02-26,19,2.146,0,0
2023-02-26,20,0.962,0,0
2023-02-26,21,0.557,0,0
2023-02-26,22,0,0.45,0
2023-02-26,23,0,0.574,0
2023-02-27,00,0,0.586,0
2023-02-27,01,0,0.569,0
2023-02-27,02,0,0.521,0
2023-02-27,03,0,0.416,0
2023-02-27,04,0,0.29,0
2023-02-27,05,0,0.281,0
2023-02-27,06,0,0.298,0
2023-02-27,07,0,1.3,0.04
2023-02-27,08,0.042,0,0.307
2023-02-27,09,0,0,0.288
2023-02-27,10,0,0,0.306
2023-02-27,11,0.219,0,0.498
2023-02-27,12,0.564,0,0.915
2023-02-27,13,0.231,0,0.496
2023-02-27,14,0,0,0.306
2023-02-27,15,0,0,0.285
2023-02-27,16,0.019,0,0.267
2023-02-27,17,0.244,0,0.054
2023-02-27,18,0.541,0,0
2023-02-27,19,0.655,0,0
2023-02-27,20,0.468,0,0
2023-02-27,21,0.48,0,0
2023-02-27,22,0,0.553,0
2023-02-27,23,0,0.52,0
2023-02-28,00,0,0.628,0
2023-02-28,01,0,0.489,0
2023-02-28,02,0,0.312,0
2023-02-28,03,0,0.32,0
2023-02-28,04,0,0.306,0
2023-02-28,05,0,0.304,0
2023-02-28,06,0,0.464,0
2023-02-28,07,0,1.093,0.046
2023-02-28,08,0.074,0,0.321
2023-02-28,09,0.437,0,0.548
2023-02-28,10,0,0,0.366
2023-02-28,11,0,0,0.29
2023-02-28,12,0,0,0.305
2023-02-28,13,0,0,0.301
2023-02-28,14,0,0,0.288
2023-02-28,15,0,0,0.298
2023-02-28,16,0.009,0,0.268
2023-02-28,17,0.226,0,0.06
2023-02-28,18,0.567,0,0
2023-02-28,19,0.529,0,0
2023-02-28,20,0.921,0,0
2023-02-28,21,1.635,0,0
2023-02-28,22,0,0.66,0
2023-02-28,23,0,0.573,0
2023-03-01,00,0,0.527,0
2023-03-01,01,0,0.572,0
2023-03-01,02,0,0.309,0
2023-03-01,03,0,0.308,0
2023-03-01,04,0,0.285,0
2023-03-01,05,0,0.302,0
2023-03-01,06,0,0.297,0
2023-03-01,07,0,0.901,0.05
2023-03-01,08,0.862,0,0.347
2023-03-01,09,0,0,0.289
2023-03-01,10,0,0,0.306
2023-03-01,11,0,0,0.401
2023-03-01,12,0.491,0,0.712
2023-03-01,13,0,0,0.31
2023-03-01,14,0,0,0.283
2023-03-01,15,0,0,0.289
2023-03-01,16,0.112,0,0.221
2023-03-01,17,0.244,0,0.104
2023-03-01,18,0.401,0,0.001
2023-03-01,19,1.437,0,0
2023-03-01,20,0.778,0,0
2023-03-01,21,0.69,0,0
2023-03-01,22,0,0.589,0
2023-03-01,23,0,0.439,0
2023-03-02,00,0,0.492,0
2023-03-02,01,0,0.481,0
2023-03-02,02,0,0.334,0
2023-03-02,03,0,0.285,0
2023-03-02,04,0,0.294,0
2023-03-02,05,0,0.295,0
2023-03-02,06,0,0.289,0
2023-03-02,07,0,1.303,0.065
2023-03-02,08,0.901,0,0.378
2023-03-02,09,0.21,0,0.438
2023-03-02,10,0.282,0,0.65
2023-03-02,11,0,0,0.439
2023-03-02,12,0,0,0.31
2023-03-02,13,0,0,0.303
2023-03-02,14,0,0,0.295
2023-03-02,15,0,0,0.305
2023-03-02,16,0.007,0,0.265
2023-03-02,17,0.223,0,0.065
2023-03-02,18,1.064,0,0
2023-03-02,19,2.155,0,0
2023-03-02,20,0.72,0,0
2023-03-02,21,1.813,0,0
2023-03-02,22,0,2.472,0
2023-03-02,23,0,0.857,0
2023-03-03,00,0,0.557,0
2023-03-03,01,0,0.487,0
2023-03-03,02,0,0.379,0
2023-03-03,03,0,0.348,0
2023-03-03,04,0,0.298,0
2023-03-03,05,0,0.294,0
2023-03-03,06,0,0.302,0
2023-03-03,07,0,1.119,0.048
2023-03-03,08,0.092,0,0.326
2023-03-03,09,0,0,0.281
2023-03-03,10,0.274,0,0.644
2023-03-03,11,0.609,0,0.861
2023-03-03,12,0.503,0,0.895
2023-03-03,13,0,0,0.297
2023-03-03,14,0.26,0,0.526
2023-03-03,15,0.139,0,0.416
2023-03-03,16,0.096,0,0.304
2023-03-03,17,0.326,0,0.07
2023-03-03,18,0.431,0,0
2023-03-03,19,1.144,0,0
2023-03-03,20,0.747,0,0
2023-03-03,21,1.34,0,0
2023-03-03,22,0,1.657,0
2023-03-03,23,0,0.577,0
2023-03-04,00,0,0.677,0
2023-03-04,01,0,0.42,0
2023-03-04,02,0,0.343,0
2023-03-04,03,0,0.364,0
2023-03-04,04,0,0.332,0
2023-03-04,05,0,0.397,0
2023-03-04,06,0,0.34,0
2023-03-04,07,0,1.427,0.073
2023-03-04,08,0.139,0,0.335
2023-03-04,09,0,0,0.389
2023-03-04,10,0,0,0.353
2023-03-04,11,0.39,0,0.783
2023-03-04,12,0.062,0,0.874
2023-03-04,13,0,0,0.317
2023-03-04,14,0,0,0.312
2023-03-04,15,0.379,0,0.368
2023-03-04,16,0.347,0,0.337
2023-03-04,17,0.413,0,0.065
2023-03-04,18,1.175,0,0
2023-03-04,19,0.698,0,0
2023-03-04,20,0.577,0,0
2023-03-04,21,0.575,0,0
2023-03-04,22,0,0.696,0
2023-03-04,23,0,0.626,0
2023-03-05,00,0,0.617,0
2023-03-05,01,0,0.462,0
2023-03-05,02,0,0.298,0
2023-03-05,03,0,1.153,0
2023-03-05,04,0,1.417,0
2023-03-05,05,0,1.309,0
2023-03-05,06,0,1.502,0
2023-03-05,07,0,0.319,0
2023-03-05,08,0.363,0,0.031
2023-03-05,09,0.219,0,0.116
2023-03-05,10,0.978,0,0.177
2023-03-05,11,1.773,0,0.178
2023-03-05,12,1.795,0,0.12
2023-03-05,13,0.507,0,0.087
2023-03-05,14,0.29,0,0.064
2023-03-05,15,0.743,0,0.079
2023-03-05,16,0.351,0,0.073
2023-03-05,17,2.07,0,0.061
2023-03-05,18,1.661,0,0.001
2023-03-05,19,2.357,0,0
2023-03-05,20,2.359,0,0
2023-03-05,21,0.949,0,0
2023-03-05,22,0,0.502,0
2023-03-05,23,0,0.578,0
2023-03-06,00,0,0.695,0
2023-03-06,01,0,2.499,0
2023-03-06,02,0,0.755,0
2023-03-06,03,0,0.371,0
2023-03-06,04,0,0.237,0
2023-03-06,05,0,0.272,0
2023-03-06,06,0,0.296,0
2023-03-06,07,0,1.144,0.016
2023-03-06,08,0.36,0,0.17
2023-03-06,09,0.127,0,0.158
2023-03-06,10,0.209,0,0.137
2023-03-06,11,0.6,0,0.203
2023-03-06,12,1.025,0,0.42
2023-03-06,13,0.08,0,0.197
2023-03-06,14,0.074,0,0.219
2023-03-06,15,0.078,0,0.204
2023-03-06,16,0.216,0,0.085
2023-03-06,17,0.308,0,0.03
2023-03-06,18,0.635,0,0
2023-03-06,19,1.323,0,0
2023-03-06,20,1.263,0,0
2023-03-06,21,0.588,0,0
2023-03-06,22,0,0.529,0
2023-03-06,23,0,0.562,0
2023-03-07,00,0,0.532,0
2023-03-07,01,0,0.301,0
2023-03-07,02,0,0.283,0
2023-03-07,03,0,0.306,0
2023-03-07,04,0,0.314,0
2023-03-07,05,0,0.321,0
2023-03-07,06,0,0.302,0
2023-03-07,07,0,0.882,0.012
2023-03-07,08,0.109,0,0.161
2023-03-07,09,1.216,0,0.449
2023-03-07,10,0.791,0,0.384
2023-03-07,11,0.013,0,0.265
2023-03-07,12,0,0,0.291
2023-03-07,13,0,0,0.297
2023-03-07,14,0.007,0,0.276
2023-03-07,15,0.068,0,0.205
2023-03-07,16,0.087,0,0.202
2023-03-07,17,0.287,0,0.044
2023-03-07,18,1.181,0,0
2023-03-07,19,2.412,0,0
2023-03-07,20,0.747,0,0
2023-03-07,21,1.643,0,0
2023-03-07,22,0,1.05,0
2023-03-07,23,0,0.588,0
2023-03-08,00,0,0.466,0
2023-03-08,01,0,0.415,0
2023-03-08,02,0,0.358,0
2023-03-08,03,0,0.335,0
2023-03-08,04,0,0.284,0
2023-03-08,05,0,0.305,0
2023-03-08,06,0,0.31,0
2023-03-08,07,0,1.189,0
2023-03-08,08,1.408,0,0.005
2023-03-08,09,0.328,0,0.017
2023-03-08,10,0.287,0,0.048
2023-03-08,11,0.212,0,0.084
2023-03-08,12,0.193,0,0.161
2023-03-08,13,0.154,0,0.16
2023-03-08,14,0.09,0,0.194
2023-03-08,15,0.21,0,0.193
2023-03-08,16,1.009,0,0.077
2023-03-08,17,0.334,0,0.024
2023-03-08,18,0.449,0,0
2023-03-08,19,2.179,0,0
2023-03-08,20,0.879,0,0
2023-03-08,21,0.637,0,0
2023-03-08,22,0,0.765,0
2023-03-08,23,0,0.784,0
2023-03-09,00,0,0.731,0
2023-03-09,01,0,0.69,0
2023-03-09,02,0,0.619,0
2023-03-09,03,0,0.481,0
2023-03-09,04,0,0.452,0
2023-03-09,05,0,0.459,0
2023-03-09,06,0,0.466,0
2023-03-09,07,0,1.001,0
2023-03-09,08,1.355,0,0.023
2023-03-09,09,0.231,0,0
2023-03-09,10,0.159,0,0.067
2023-03-09,11,1.337,0,0.287
2023-03-09,12,0.631,0,0.258
2023-03-09,13,0,0,0.236
2023-03-09,14,0,0,0.273
2023-03-09,15,0.547,0,0.328
2023-03-09,16,0.128,0,0.163
2023-03-09,17,0.272,0,0.073
2023-03-09,18,0.528,0,0.001
2023-03-09,19,0.507,0,0
2023-03-09,20,0.596,0,0
2023-03-09,21,0.846,0,0
2023-03-09,22,0,0.833,0
2023-03-09,23,0,0.636,0
2023-03-10,00,0,0.816,0
2023-03-10,01,0,0.534,0
2023-03-10,02,0,0.486,0
2023-03-10,03,0,0.303,0
2023-03-10,04,0,0.26,0
2023-03-10,05,0,0.245,0
2023-03-10,06,0,0.237,0
2023-03-10,07,0,0.965,0.011
2023-03-10,08,0.234,0,0.077
2023-03-10,09,0.222,0,0.224
2023-03-10,10,1.14,0,0.188
2023-03-10,11,0.863,0,0.266
2023-03-10,12,0.009,0,0.351
2023-03-10,13,0.006,0,0.32
2023-03-10,14,0.164,0,0.248
2023-03-10,15,0.213,0,0.209
2023-03-10,16,0.122,0,0.144
2023-03-10,17,0.218,0,0.049
2023-03-10,18,0.377,0,0
2023-03-10,19,0.576,0,0
2023-03-10,20,0.495,0,0
2023-03-10,21,0.497,0,0
2023-03-10,22,0,0.564,0
2023-03-10,23,0,0.577,0
2023-03-11,00,0,0.543,0
2023-03-11,01,0,0.283,0
2023-03-11,02,0,0.368,0
2023-03-11,03,0,0.299,0
2023-03-11,04,0,0.242,0
2023-03-11,05,0,0.255,0
2023-03-11,06,0,0.246,0
2023-03-11,07,0,0.239,0.002
2023-03-11,08,0.714,0,0.161
2023-03-11,09,0.92,0,0.189
2023-03-11,10,0.102,0,0.2
2023-03-11,11,0.013,0,0.25
2023-03-11,12,0,0,0.259
2023-03-11,13,0.015,0,0.261
2023-03-11,14,0.363,0,0.339
2023-03-11,15,0.163,0,0.264
2023-03-11,16,1.738,0,0.162
2023-03-11,17,0.476,0,0.018
2023-03-11,18,0.394,0,0
2023-03-11,19,0.485,0,0
2023-03-11,20,0.467,0,0
2023-03-11,21,0.417,0,0
2023-03-11,22,0,0.845,0
2023-03-11,23,0,1.893,0
2023-03-12,00,0,0.56,0
2023-03-12,01,0,0.546,0
2023-03-12,02,0,0.548,0
2023-03-12,03,0,0.555,0
2023-03-12,04,0,0.48,0
2023-03-12,05,0,0.243,0
2023-03-12,06,0,0.255,0
2023-03-12,07,0,0.145,0.108
2023-03-12,08,0.007,0,0.253
2023-03-12,09,0.483,0,0.412
2023-03-12,10,0.011,0,0.286
2023-03-12,11,0.638,0,0.454
2023-03-12,12,1.063,0,0.541
2023-03-12,13,0.435,0,0.529
2023-03-12,14,0.325,0,0.519
2023-03-12,15,0,0,0.333
2023-03-12,16,0.03,0,0.294
2023-03-12,17,0.869,0,0.107
2023-03-12,18,0.696,0,0.007
2023-03-12,19,1.031,0,0
2023-03-12,20,1.557,0,0
2023-03-12,21,0.969,0,0
2023-03-12,22,0,0.551,0
2023-03-12,23,0,0.612,0
2023-03-13,00,0,0.783,0
2023-03-13,01,0,0.515,0
2023-03-13,02,0,0.281,0
2023-03-13,03,0,0.274,0
2023-03-13,04,0,0.36,0
2023-03-13,05,0,0.282,0
2023-03-13,06,0,0.292,0
2023-03-13,07,0,1.184,0.008
2023-03-13,08,0.297,0,0.101
2023-03-13,09,0.009,0,0.236
2023-03-13,10,0,0,0.239
2023-03-13,11,0.003,0,0.238
2023-03-13,12,0.682,0,0.386
2023-03-13,13,0,0,0.248
2023-03-13,14,0,0,0.244
2023-03-13,15,0,0,0.239
2023-03-13,16,0.065,0,0.171
2023-03-13,17,0.154,0,0.086
2023-03-13,18,1.801,0,0.003
2023-03-13,19,1.943,0,0
2023-03-13,20,0.531,0,0
2023-03-13,21,0.635,0,0
2023-03-13,22,0,0.481,0
2023-03-13,23,0,0.434,0
2023-03-14,00,0,0.363,0
2023-03-14,01,0,0.307,0
2023-03-14,02,0,0.251,0
2023-03-14,03,0,0.246,0
2023-03-14,04,0,0.244,0
2023-03-14,05,0,0.246,0
2023-03-14,06,0,0.246,0
2023-03-14,07,0,0.481,0.064
2023-03-14,08,0.283,0,0.253
2023-03-14,09,0.588,0,0.433
2023-03-14,10,0.56,0,0.545
2023-03-14,11,0,0,0.254
2023-03-14,12,0,0,0.246
2023-03-14,13,0,0,0.249
2023-03-14,14,0,0,0.251
2023-03-14,15,0,0,0.24
2023-03-14,16,0,0,0.238
2023-03-14,17,0.111,0,0.123
2023-03-14,18,0.311,0,0.004
2023-03-14,19,0.329,0,0
2023-03-14,20,0.401,0,0
2023-03-14,21,0.67,0,0
2023-03-14,22,0,0.558,0
2023-03-14,23,0,0.569,0
2023-03-15,00,0,0.502,0
2023-03-15,01,0,0.504,0
2023-03-15,02,0,0.494,0
2023-03-15,03,0,0.495,0
2023-03-15,04,0,0.349,0
2023-03-15,05,0,0.337,0
2023-03-15,06,0,0.275,0
2023-03-15,07,0,0.37,0.161
2023-03-15,08,0.65,0,0.325
2023-03-15,09,0,0,0.257
2023-03-15,10,0,0,0.252
2023-03-15,11,0,0,0.253
2023-03-15,12,0,0,0.255
2023-03-15,13,0,0,0.25
2023-03-15,14,0,0,0.247
2023-03-15,15,0,0,0.246
2023-03-15,16,0,0,0.245
2023-03-15,17,0.15,0,0.088
2023-03-15,18,0.687,0,0.003
2023-03-15,19,1.536,0,0
2023-03-15,20,0.791,0,0
2023-03-15,21,0.626,0,0
2023-03-15,22,0,0.646,0
2023-03-15,23,0,0.491,0
2023-03-16,00,0,0.704,0
2023-03-16,01,0,2.672,0
2023-03-16,02,0,0.914,0
2023-03-16,03,0,0.26,0
2023-03-16,04,0,0.24,0
2023-03-16,05,0,0.236,0
2023-03-16,06,0,0.235,0
2023-03-16,07,0,1.145,0.097
2023-03-16,08,0.631,0,0.191
2023-03-16,09,0.015,0,0.244
2023-03-16,10,0,0,0.261
2023-03-16,11,0.965,0,0.554
2023-03-16,12,0.12,0,0.353
2023-03-16,13,0.124,0,0.257
2023-03-16,14,0.085,0,0.237
2023-03-16,15,0.094,0,0.223
2023-03-16,16,0.162,0,0.166
2023-03-16,17,0.783,0,0.021
2023-03-16,18,0.955,0,0.003
2023-03-16,19,0.964,0,0
2023-03-16,20,0.559,0,0
2023-03-16,21,0.668,0,0
2023-03-16,22,0,0.642,0
2023-03-16,23,0,0.711,0
2023-03-17,00,0,0.539,0
2023-03-17,01,0,0.323,0
2023-03-17,02,0,0.254,0
2023-03-17,03,0,0.251,0
2023-03-17,04,0,0.247,0
2023-03-17,05,0,0.247,0
2023-03-17,06,0,0.245,0
2023-03-17,07,0,0.88,0.054
2023-03-17,08,1.208,0,0.111
2023-03-17,09,0.06,0,0.293
2023-03-17,10,0,0,0.373
2023-03-17,11,0,0,0.356
2023-03-17,12,0,0,0.361
2023-03-17,13,0,0,0.315
2023-03-17,14,0.046,0,0.301
2023-03-17,15,0.126,0,0.201
2023-03-17,16,0.132,0,0.174
2023-03-17,17,1.279,0,0.045
2023-03-17,18,2.048,0,0.006
2023-03-17,19,1.119,0,0
2023-03-17,20,0.492,0,0
2023-03-17,21,0.45,0,0
2023-03-17,22,0,0.8,0
2023-03-17,23,0,0.563,0
2023-03-18,00,0,0.496,0
2023-03-18,01,0,0.495,0
2023-03-18,02,0,0.43,0
2023-03-18,03,0,0.367,0
2023-03-18,04,0,0.275,0
2023-03-18,05,0,0.282,0
2023-03-18,06,0,0.311,0
2023-03-18,07,0,0.251,0.019
2023-03-18,08,0.572,0,0.131
2023-03-18,09,0,0,0.257
2023-03-18,10,0.668,0,0.321
2023-03-18,11,0.035,0,0.251
2023-03-18,12,0,0,0.251
2023-03-18,13,0,0,0.255
2023-03-18,14,0,0,0.323
2023-03-18,15,0.755,0,0.428
2023-03-18,16,0.725,0,0.474
2023-03-18,17,0.263,0,0.203
2023-03-18,18,0.714,0,0.022
2023-03-18,19,1.288,0,0
2023-03-18,20,0.739,0,0
2023-03-18,21,0.512,0,0
2023-03-18,22,0,1.377,0
2023-03-18,23,0,1.483,0
2023-03-19,00,0,0.641,0
2023-03-19,01,0,0.38,0
2023-03-19,02,0,0.317,0
2023-03-19,03,0,0.362,0
2023-03-19,04,0,0.305,0
2023-03-19,05,0,0.302,0
2023-03-19,06,0,0.344,0
2023-03-19,07,0,0.297,0.069
2023-03-19,08,0.056,0,0.241
2023-03-19,09,0.29,0,0.488
2023-03-19,10,0.039,0,0.6
2023-03-19,11,0.904,0,0.952
2023-03-19,12,0.282,0,0.862
2023-03-19,13,0.141,0,0.775
2023-03-19,14,0,0,0.434
2023-03-19,15,0.357,0,0.644
2023-03-19,16,0.584,0,0.399
2023-03-19,17,1.051,0,0.109
2023-03-19,18,0.551,0,0.006
2023-03-19,19,1.019,0,0
2023-03-19,20,0.523,0,0
2023-03-19,21,1.073,0,0
2023-03-19,22,0,0.985,0
2023-03-19,23,0,0.518,0
2023-03-20,00,0,0.531,0
2023-03-20,01,0,0.488,0
2023-03-20,02,0,0.324,0
2023-03-20,03,0,0.311,0
2023-03-20,04,0,0.284,0
2023-03-20,05,0,0.294,0
2023-03-20,06,0,0.297,0.001
2023-03-20,07,0,1.112,0.178
2023-03-20,08,0,0,0.26
2023-03-20,09,0,0,0.232
2023-03-20,10,0,0,0.233
2023-03-20,11,0.288,0,0.46
2023-03-20,12,0.378,0,0.492
2023-03-20,13,0,0,0.24
2023-03-20,14,0,0,0.237
2023-03-20,15,0,0,0.236
2023-03-20,16,0,0,0.229
2023-03-20,17,0.144,0,0.099
2023-03-20,18,1.223,0,0.002
2023-03-20,19,0.502,0,0
2023-03-20,20,0.712,0,0
2023-03-20,21,1.75,0,0
2023-03-20,22,0,0.637,0
2023-03-20,23,0,0.484,0
2023-03-21,00,0,0.531,0
2023-03-21,01,0,0.521,0
2023-03-21,02,0,0.539,0
2023-03-21,03,0,0.248,0
2023-03-21,04,0,0.243,0
2023-03-21,05,0,0.242,0
2023-03-21,06,0,0.244,0
2023-03-21,07,0,1.468,0.114
2023-03-21,08,0.037,0,0.247
2023-03-21,09,0.738,0,0.442
2023-03-21,10,0,0,0.425
2023-03-21,11,0,0,0.25
2023-03-21,12,0,0,0.246
2023-03-21,13,0,0,0.241
2023-03-21,14,0,0,0.245
2023-03-21,15,0,0,0.247
2023-03-21,16,0,0,0.243
2023-03-21,17,0.154,0,0.104
2023-03-21,18,1.368,0,0.005
2023-03-21,19,2.282,0,0
2023-03-21,20,0.571,0,0
2023-03-21,21,0.617,0,0
2023-03-21,22,0,1.269,0
2023-03-21,23,0,0.599,0
2023-03-22,00,0,0.59,0
2023-03-22,01,0,0.527,0
2023-03-22,02,0,0.523,0
2023-03-22,03,0,0.356,0
2023-03-22,04,0,0.253,0
2023-03-22,05,0,0.246,0
2023-03-22,06,0,0.25,0
2023-03-22,07,0,1.169,0.123
2023-03-22,08,0.061,0,0.299
2023-03-22,09,0,0,0.249
2023-03-22,10,0,0,0.241
2023-03-22,11,0.012,0,0.235
2023-03-22,12,0,0,0.251
2023-03-22,13,0,0,0.253
2023-03-22,14,0,0,0.266
2023-03-22,15,0,0,0.262
2023-03-22,16,0.062,0,0.241
2023-03-22,17,0.179,0,0.136
2023-03-22,18,0.802,0,0.017
2023-03-22,19,0.727,0,0
2023-03-22,20,0.445,0,0
2023-03-22,21,0.565,0,0
2023-03-22,22,0,1.37,0
2023-03-22,23,0,0.315,0
2023-03-23,00,0,0.305,0
2023-03-23,01,0,0.355,0
2023-03-23,02,0,0.398,0
2023-03-23,03,0,0.266,0
2023-03-23,04,0,0.244,0
2023-03-23,05,0,0.238,0
2023-03-23,06,0,0.235,0
2023-03-23,07,0,1.287,0.105
2023-03-23,08,1.04,0,0.107
2023-03-23,09,0.059,0,0.179
2023-03-23,10,0.054,0,0.186
2023-03-23,11,0.054,0,0.185
2023-03-23,12,0.054,0,0.184
2023-03-23,13,0.027,0,0.213
2023-03-23,14,0.064,0,0.173
2023-03-23,15,0.136,0,0.095
2023-03-23,16,0.169,0,0.065
2023-03-23,17,0.208,0,0.022
2023-03-23,18,0.563,0,0.003
2023-03-23,19,1.432,0,0
2023-03-23,20,0.337,0,0
2023-03-23,21,0.472,0,0
2023-03-23,22,0,0.532,0
2023-03-23,23,0,0.618,0
2023-03-24,00,0,0.604,0
2023-03-24,01,0,0.534,0
2023-03-24,02,0,0.462,0
2023-03-24,03,0,0.331,0
2023-03-24,04,0,0.248,0
2023-03-24,05,0,0.245,0
2023-03-24,06,0,0.243,0
2023-03-24,07,0,1.643,0.177
2023-03-24,08,0.031,0,0.314
2023-03-24,09,0,0,0.257
2023-03-24,10,0,0,0.257
2023-03-24,11,0,0,0.263
2023-03-24,12,0,0,0.268
2023-03-24,13,0,0,0.258
2023-03-24,14,0.514,0,0.428
2023-03-24,15,0.018,0,0.316
2023-03-24,16,0.009,0,0.316
2023-03-24,17,0.211,0,0.115
2023-03-24,18,0.309,0,0.008
2023-03-24,19,0.37,0,0
2023-03-24,20,0.471,0,0
2023-03-24,21,0.535,0,0
2023-03-24,22,0,0.531,0
2023-03-24,23,0,0.54,0
2023-03-25,00,0,0.532,0
2023-03-25,01,0,0.534,0
2023-03-25,02,0,0.505,0
2023-03-25,03,0,0.377,0
2023-03-25,04,0,0.266,0
2023-03-25,05,0,0.242,0
2023-03-25,06,0,0.279,0.004
2023-03-25,07,0,0.053,0.187
2023-03-25,08,0,0,0.244
2023-03-25,09,0,0,0.426
2023-03-25,10,0.507,0,0.662
2023-03-25,11,0.326,0,0.632
2023-03-25,12,0.541,0,0.454
2023-03-25,13,0.267,0,0.258
2023-03-25,14,0.59,0,0.232
2023-03-25,15,0.162,0,0.175
2023-03-25,16,0.854,0,0.074
2023-03-25,17,0.978,0,0.053
2023-03-25,18,0.565,0,0.001
2023-03-25,19,0.722,0,0
2023-03-25,20,1.995,0,0
2023-03-25,21,0.486,0,0
2023-03-25,22,0,0.397,0
2023-03-25,23,0,0.384,0
2023-03-26,00,0,0.384,0
2023-03-26,01,0,0,0
2023-03-26,02,0,0.419,0
2023-03-26,03,0,0.306,0
2023-03-26,04,0,0.254,0
2023-03-26,05,0,0.323,0
2023-03-26,06,0,0.247,0
2023-03-26,07,0,0.238,0.003
2023-03-26,08,0.152,0,0.096
2023-03-26,09,0,0,0.302
2023-03-26,10,0,0,0.403
2023-03-26,11,0,0,0.353
2023-03-26,12,0.067,0,0.807
2023-03-26,13,0.09,0,0.726
2023-03-26,14,0,0,0.319
2023-03-26,15,0.018,0,0.608
2023-03-26,16,0,0,0.281
2023-03-26,17,0.116,0,0.356
2023-03-26,18,0.338,0,0.121
2023-03-26,19,0.647,0,0.008
2023-03-26,20,0.94,0,0
2023-03-26,21,0.6,0,0
2023-03-26,22,0,0.48,0
2023-03-26,23,0,0.532,0
2023-03-27,00,0,0.526,0
2023-03-27,01,0,0.527,0
2023-03-27,02,0,0.561,0
2023-03-27,03,0,0.313,0
2023-03-27,04,0,0.256,0
2023-03-27,05,0,0.246,0
2023-03-27,06,0,0.238,0
2023-03-27,07,0,1.572,0.004
2023-03-27,08,0.168,0,0.205
2023-03-27,09,0,0,0.248
2023-03-27,10,0,0,0.251
2023-03-27,11,0,0,0.383
2023-03-27,12,0.479,0,0.719
2023-03-27,13,0,0,0.255
2023-03-27,14,0,0,0.242
2023-03-27,15,0,0,0.24
2023-03-27,16,0,0,0.241
2023-03-27,17,0,0,0.252
2023-03-27,18,0.206,0,0.1
2023-03-27,19,0.551,0,0.014
2023-03-27,20,1.063,0,0
2023-03-27,21,0.941,0,0
2023-03-27,22,0,0.651,0
2023-03-27,23,0,0.517,0
2023-03-28,00,0,0.486,0
2023-03-28,01,0,0.496,0
2023-03-28,02,0,0.506,0
2023-03-28,03,0,0.331,0
2023-03-28,04,0,0.244,0
2023-03-28,05,0,0.229,0
2023-03-28,06,0,0.224,0
2023-03-28,07,0,1.705,0.004
2023-03-28,08,0.117,0,0.207
2023-03-28,09,0.31,0,0.394
2023-03-28,10,0,0,0.369
2023-03-28,11,0,0,0.397
2023-03-28,12,0,0,0.682
2023-03-28,13,0,0,0.366
2023-03-28,14,0,0,0.315
2023-03-28,15,0,0,0.323
2023-03-28,16,0,0,0.322
2023-03-28,17,0.005,0,0.313
2023-03-28,18,0.416,0,0.134
2023-03-28,19,0.864,0,0.023
2023-03-28,20,1.004,0,0
2023-03-28,21,0.678,0,0
2023-03-28,22,0,0.692,0
2023-03-28,23,0,0.579,0
2023-03-29,00,0,0.531,0
2023-03-29,01,0,0.256,0
2023-03-29,02,0,0.256,0
2023-03-29,03,0,0.25,0
2023-03-29,04,0,0.246,0
2023-03-29,05,0,0.244,0
2023-03-29,06,0,0.233,0
2023-03-29,07,0,1.371,0.007
2023-03-29,08,0.334,0,0.12
2023-03-29,09,0.111,0,0.203
2023-03-29,10,1.425,0,0.554
2023-03-29,11,0.246,0,0.469
2023-03-29,12,0,0,0.458
2023-03-29,13,0,0,0.336
2023-03-29,14,0,0,0.326
2023-03-29,15,0,0,0.323
2023-03-29,16,0.309,0,0.422
2023-03-29,17,0.103,0,0.218
2023-03-29,18,0.22,0,0.054
2023-03-29,19,0.314,0,0
2023-03-29,20,0.424,0,0
2023-03-29,21,0.454,0,0
2023-03-29,22,0,0.553,0
2023-03-29,23,0,0.544,0
2023-03-30,00,0,0.433,0
2023-03-30,01,0,0.275,0
2023-03-30,02,0,0.254,0
2023-03-30,03,0,0.246,0
2023-03-30,04,0,0.234,0
2023-03-30,05,0,0.291,0
2023-03-30,06,0,0.239,0
2023-03-30,07,0,1.197,0.003
2023-03-30,08,1.026,0,0.105
2023-03-30,09,0.047,0,0.239
2023-03-30,10,0,0,0.186
2023-03-30,11,0,0,0.253
2023-03-30,12,0,0,0.242
2023-03-30,13,0,0,0.244
2023-03-30,14,0,0,0.241
2023-03-30,15,0,0,0.239
2023-03-30,16,0,0,0.23
2023-03-30,17,0.053,0,0.197
2023-03-30,18,0.656,0,0.09
2023-03-30,19,1.304,0,0.001
2023-03-30,20,0.997,0,0
2023-03-30,21,0.637,0,0
2023-03-30,22,0,0.605,0
2023-03-30,23,0,0.49,0
2023-03-31,00,0,0.835,0
2023-03-31,01,0,0.485,0
2023-03-31,02,0,0.474,0
2023-03-31,03,0,0.455,0
2023-03-31,04,0,0.278,0
2023-03-31,05,0,0.248,0
2023-03-31,06,0,0.244,0
2023-03-31,07,0,0.508,0.001
2023-03-31,08,0.57,0,0.055
2023-03-31,09,0.168,0,0.236
2023-03-31,10,0.659,0,0.376
2023-03-31,11,0,0,0.445
2023-03-31,12,0.022,0,0.414
2023-03-31,13,0.172,0,0.341
2023-03-31,14,0.027,0,0.392
2023-03-31,15,0.013,0,0.674
2023-03-31,16,0.074,0,0.615
2023-03-31,17,0.857,0,0.354
2023-03-31,18,1.431,0,0.141
2023-03-31,19,0.949,0,0.028
2023-03-31,20,0.557,0,0
2023-03-31,21,1.21,0,0
2023-03-31,22,0,0.392,0
2023-03-31,23,0,0.245,0
2023-04-01,00,0,0.244,0
2023-04-01,01,0,0.251,0
2023-04-01,02,0,0.294,0
2023-04-01,03,0,0.306,0
2023-04-01,04,0,0.249,0
2023-04-01,05,0,0.27,0
2023-04-01,06,0,0.356,0
2023-04-01,07,0,0.236,0.001
2023-04-01,08,0.22,0,0.026
2023-04-01,09,0.136,0,0.124
2023-04-01,10,1.2,0,0.246
2023-04-01,11,1.029,0,0.328
2023-04-01,12,0.037,0,0.316
2023-04-01,13,0.335,0,0.23
2023-04-01,14,0.382,0,0.369
2023-04-01,15,0.121,0,0.446
2023-04-01,16,0.257,0,0.267
2023-04-01,17,0.115,0,0.364
2023-04-01,18,0.378,0,0.154
2023-04-01,19,0.537,0,0.011
2023-04-01,20,0.433,0,0
2023-04-01,21,0.477,0,0
2023-04-01,22,0,0.514,0
2023-04-01,23,0,0.492,0
2023-04-02,00,0,0.516,0
2023-04-02,01,0,0.248,0
2023-04-02,02,0,0.239,0
2023-04-02,03,0,0.244,0
2023-04-02,04,0,0.241,0
2023-04-02,05,0,0.239,0
2023-04-02,06,0,0.234,0
2023-04-02,07,0,0.209,0.022
2023-04-02,08,0.018,0,0.211
2023-04-02,09,0.055,0,0.593
2023-04-02,10,0.161,0,0.843
2023-04-02,11,0.222,0,1.06
2023-04-02,12,0.619,0,1.161
2023-04-02,13,0.236,0,0.79
2023-04-02,14,0.11,0,0.652
2023-04-02,15,0,0,0.293
2023-04-02,16,0.015,0,0.465
2023-04-02,17,0.034,0,0.429
2023-04-02,18,0.909,0,0.149
2023-04-02,19,1.95,0,0.026
2023-04-02,20,0.812,0,0
2023-04-02,21,0.703,0,0
2023-04-02,22,0,1.031,0
2023-04-02,23,0,1.275,0
2023-04-03,00,0,0.566,0
2023-04-03,01,0,0.355,0
2023-04-03,02,0,0.265,0
2023-04-03,03,0,0.233,0
2023-04-03,04,0,0.235,0
2023-04-03,05,0,0.234,0
2023-04-03,06,0,0.239,0
2023-04-03,07,0,1.632,0.039
2023-04-03,08,0.188,0,0.165
2023-04-03,09,0,0,0.228
2023-04-03,10,0,0,0.233
2023-04-03,11,0,0,0.23
2023-04-03,12,0,0,0.234
2023-04-03,13,0,0,0.238
2023-04-03,14,0,0,0.334
2023-04-03,15,0,0,0.246
2023-04-03,16,0.007,0,0.225
2023-04-03,17,0.102,0,0.132
2023-04-03,18,0.96,0,0.039
2023-04-03,19,2.651,0,0.003
2023-04-03,20,0.571,0,0
2023-04-03,21,0.607,0,0
2023-04-03,22,0,0.56,0
2023-04-03,23,0,0.512,0
2023-04-04,00,0,0.498,0
2023-04-04,01,0,0.499,0
2023-04-04,02,0,0.448,0
2023-04-04,03,0,0.26,0
2023-04-04,04,0,0.248,0
2023-04-04,05,0,0.25,0
2023-04-04,06,0,0.254,0
2023-04-04,07,0,0.598,0.027
2023-04-04,08,0.438,0,0.232
2023-04-04,09,0,0,0.284
2023-04-04,10,0,0,0.337
2023-04-04,11,0,0,0.251
2023-04-04,12,0.524,0,0.337
2023-04-04,13,0,0,0.309
2023-04-04,14,0,0,0.321
2023-04-04,15,0,0,0.319
2023-04-04,16,0,0,0.307
2023-04-04,17,0,0,0.33
2023-04-04,18,0.207,0,0.137
2023-04-04,19,0.953,0,0.012
2023-04-04,20,0.915,0,0
2023-04-04,21,0.479,0,0
2023-04-04,22,0,0.497,0
2023-04-04,23,0,0.487,0
