dt,dt_iso,city_name,temp,feels_like,temp_min,temp_max,pressure,sea_level,grnd_level,humidity,wind_speed,rain_1h,clouds_all,weather_description
1678838400,2023-03-15 00:00:00 +0000 UTC,local,9.48,8.07,9.48,9.48,1021,,,88,2.7,,2,clear sky
1678842000,2023-03-15 01:00:00 +0000 UTC,local,8.92,7.47,8.92,8.92,1020,,,87,2.61,,5,clear sky
1678845600,2023-03-15 02:00:00 +0000 UTC,local,8.55,7.3,8.55,8.55,1020,,,87,2.24,,4,clear sky
1678849200,2023-03-15 03:00:00 +0000 UTC,local,8.27,7.01,8.27,8.27,1019,,,87,2.19,,3,clear sky
1678852800,2023-03-15 04:00:00 +0000 UTC,local,8.01,6.89,8.01,8.01,1019,,,87,1.98,,3,clear sky
1678856400,2023-03-15 05:00:00 +0000 UTC,local,7.78,6.6,7.78,7.78,1018,,,86,2.01,,2,clear sky
1678860000,2023-03-15 06:00:00 +0000 UTC,local,7.32,6.19,7.32,7.32,1018,,,84,1.87,,1,clear sky
1678863600,2023-03-15 07:00:00 +0000 UTC,local,7.3,6.65,7.3,7.3,1018,,,83,1.43,,0,clear sky
1678867200,2023-03-15 08:00:00 +0000 UTC,local,10.52,9.43,10.52,10.52,1018,,,69,0.91,,0,clear sky
1678870800,2023-03-15 09:00:00 +0000 UTC,local,13.89,12.77,13.89,13.89,1018,,,55,0.89,,0,clear sky
1678874400,2023-03-15 10:00:00 +0000 UTC,local,16.96,15.89,16.96,16.96,1018,,,45,1.15,,0,clear sky
1678878000,2023-03-15 11:00:00 +0000 UTC,local,19.52,18.49,19.52,19.52,1017,,,37,1.32,,1,clear sky
1678881600,2023-03-15 12:00:00 +0000 UTC,local,21.42,20.43,21.42,21.42,1017,,,31,2.18,,1,clear sky
1678885200,2023-03-15 13:00:00 +0000 UTC,local,23.05,22.17,23.05,23.05,1016,,,29,2.84,,2,clear sky
1678888800,2023-03-15 14:00:00 +0000 UTC,local,24.02,23.18,24.02,24.02,1015,,,27,2.92,,2,clear sky
1678892400,2023-03-15 15:00:00 +0000 UTC,local,24.37,23.57,24.37,24.37,1014,,,27,3.08,,3,clear sky
1678896000,2023-03-15 16:00:00 +0000 UTC,local,24.07,23.26,24.07,24.07,1014,,,28,2.94,,3,clear sky
1678899600,2023-03-15 17:00:00 +0000 UTC,local,23.12,22.4,23.12,23.12,1014,,,35,2.68,,2,clear sky
1678903200,2023-03-15 18:00:00 +0000 UTC,local,19.14,18.28,19.14,19.14,1014,,,45,3.06,,3,clear sky
1678906800,2023-03-15 19:00:00 +0000 UTC,local,15.96,14.84,15.96,15.96,1014,,,47,2.74,,4,clear sky
1678910400,2023-03-15 20:00:00 +0000 UTC,local,14.47,13.3,14.47,14.47,1014,,,51,2.12,,4,clear sky
1678914000,2023-03-15 21:00:00 +0000 UTC,local,13.46,12.32,13.46,13.46,1015,,,56,1.59,,5,clear sky
1678917600,2023-03-15 22:00:00 +0000 UTC,local,12.63,11.49,12.63,12.63,1015,,,59,1.5,,5,clear sky
1678921200,2023-03-15 23:00:00 +0000 UTC,local,11.82,10.75,11.82,11.82,1014,,,65,1.21,,5,clear sky
1678924800,2023-03-16 00:00:00 +0000 UTC,local,11.33,10.24,11.33,11.33,1014,,,66,1.61,,5,clear sky
1678928400,2023-03-16 01:00:00 +0000 UTC,local,10.64,9.56,10.64,10.64,1013,,,69,1.51,,6,clear sky
1678932000,2023-03-16 02:00:00 +0000 UTC,local,10.2,9.1,10.2,10.2,1013,,,70,1.17,,6,clear sky
1678935600,2023-03-16 03:00:00 +0000 UTC,local,10.01,8.92,10.01,10.01,1012,,,71,0.65,,24,few clouds
1678939200,2023-03-16 04:00:00 +0000 UTC,local,10.04,8.95,10.04,10.04,1012,,,71,0.49,,42,scattered clouds
1678942800,2023-03-16 05:00:00 +0000 UTC,local,9.58,9.58,9.58,9.58,1012,,,73,0.38,,39,scattered clouds
1678946400,2023-03-16 06:00:00 +0000 UTC,local,9.35,9.35,9.35,9.35,1012,,,74,0.18,,36,scattered clouds
1678950000,2023-03-16 07:00:00 +0000 UTC,local,9.96,9.96,9.96,9.96,1012,,,68,0.46,,100,overcast clouds
1678953600,2023-03-16 08:00:00 +0000 UTC,local,12.99,11.94,12.99,12.99,1012,,,61,1.69,,100,overcast clouds
1678957200,2023-03-16 09:00:00 +0000 UTC,local,15.38,14.41,15.38,15.38,1012,,,55,2.71,,100,overcast clouds
1678960800,2023-03-16 10:00:00 +0000 UTC,local,17.24,16.33,17.24,17.24,1013,,,50,4.05,,100,overcast clouds
1678964400,2023-03-16 11:00:00 +0000 UTC,local,18.6,17.8,18.6,18.6,1013,,,49,4.89,,100,overcast clouds
1678968000,2023-03-16 12:00:00 +0000 UTC,local,20.02,19.36,20.02,20.02,1012,,,49,5.64,,100,overcast clouds
1678971600,2023-03-16 13:00:00 +0000 UTC,local,20.55,19.97,20.55,20.55,1011,,,50,5.91,,100,overcast clouds
1678975200,2023-03-16 14:00:00 +0000 UTC,local,21.19,20.67,21.19,21.19,1010,,,50,5.4,,100,overcast clouds
1678978800,2023-03-16 15:00:00 +0000 UTC,local,22.02,21.48,22.02,22.02,1010,,,46,4.04,,100,overcast clouds
1678982400,2023-03-16 16:00:00 +0000 UTC,local,22.24,21.64,22.24,22.24,1010,,,43,3.01,,100,overcast clouds
1678986000,2023-03-16 17:00:00 +0000 UTC,local,21.14,20.62,21.14,21.14,1010,,,50,2.3,,100,overcast clouds
1678989600,2023-03-16 18:00:00 +0000 UTC,local,17.24,16.64,17.24,17.24,1011,,,62,3.47,,100,overcast clouds
1678993200,2023-03-16 19:00:00 +0000 UTC,local,14.98,14.31,14.98,14.98,1012,,,68,3.3,,100,overcast clouds
1678996800,2023-03-16 20:00:00 +0000 UTC,local,13.73,12.99,13.73,13.73,1013,,,70,2.48,,100,overcast clouds
1679000400,2023-03-16 21:00:00 +0000 UTC,local,12.8,12.2,12.8,12.8,1013,,,79,2.35,,99,overcast clouds
1679004000,2023-03-16 22:00:00 +0000 UTC,local,13.61,13.19,13.61,13.61,1014,,,83,3.02,,98,overcast clouds
1679007600,2023-03-16 23:00:00 +0000 UTC,local,14.86,14.59,14.86,14.86,1014,,,84,3.25,,98,overcast clouds
1679011200,2023-03-17 00:00:00 +0000 UTC,local,13.57,13.36,13.57,13.57,1014,,,91,2.88,,99,overcast clouds
1679014800,2023-03-17 01:00:00 +0000 UTC,local,12.4,12.18,12.4,12.4,1014,,,95,2.91,,100,overcast clouds
1679018400,2023-03-17 02:00:00 +0000 UTC,local,11.6,11.32,11.6,11.6,1015,,,96,2.64,,100,overcast clouds
1679022000,2023-03-17 03:00:00 +0000 UTC,local,10.94,10.6,10.94,10.94,1015,,,96,2.37,,100,overcast clouds
1679025600,2023-03-17 04:00:00 +0000 UTC,local,10.62,10.24,10.62,10.62,1015,,,96,2.35,,100,overcast clouds
1679029200,2023-03-17 05:00:00 +0000 UTC,local,10.22,9.8,10.22,10.22,1015,,,96,2.27,,85,overcast clouds
1679032800,2023-03-17 06:00:00 +0000 UTC,local,9.91,8.9,9.91,9.91,1016,,,96,2.24,,72,broken clouds
1679036400,2023-03-17 07:00:00 +0000 UTC,local,9.91,8.92,9.91,9.91,1016,,,95,2.21,,0,clear sky
1679040000,2023-03-17 08:00:00 +0000 UTC,local,12.3,11.86,12.3,12.3,1017,,,87,2.67,,0,clear sky
1679043600,2023-03-17 09:00:00 +0000 UTC,local,14.85,14.32,14.85,14.85,1017,,,74,4.16,,0,clear sky
1679047200,2023-03-17 10:00:00 +0000 UTC,local,16.59,15.87,16.59,16.59,1017,,,60,4.78,,0,clear sky
1679050800,2023-03-17 11:00:00 +0000 UTC,local,17.9,17.08,17.9,17.9,1017,,,51,4.59,,0,clear sky
1679054400,2023-03-17 12:00:00 +0000 UTC,local,19.41,18.63,19.41,19.41,1017,,,47,5.05,,4,clear sky
1679058000,2023-03-17 13:00:00 +0000 UTC,local,19.96,19.16,19.96,19.96,1016,,,44,5.24,,75,broken clouds
1679061600,2023-03-17 14:00:00 +0000 UTC,local,20.19,19.36,20.19,20.19,1016,,,42,5.8,,87,overcast clouds
1679065200,2023-03-17 15:00:00 +0000 UTC,local,19.77,18.93,19.77,19.77,1016,,,43,7.04,,91,overcast clouds
1679068800,2023-03-17 16:00:00 +0000 UTC,local,17.66,16.81,17.66,17.66,1016,,,51,6.88,,93,overcast clouds
1679072400,2023-03-17 17:00:00 +0000 UTC,local,17.02,16.21,17.02,17.02,1016,,,55,6.27,,95,overcast clouds
1679076000,2023-03-17 18:00:00 +0000 UTC,local,15.75,14.97,15.75,15.75,1017,,,61,5.7,,96,overcast clouds
1679079600,2023-03-17 19:00:00 +0000 UTC,local,14.11,13.43,14.11,14.11,1017,,,71,5.18,,100,overcast clouds
1679083200,2023-03-17 20:00:00 +0000 UTC,local,12.74,12.13,12.74,12.74,1018,,,79,3.81,,100,overcast clouds
1679086800,2023-03-17 21:00:00 +0000 UTC,local,12.24,11.74,12.24,12.24,1018,,,85,3.32,,100,overcast clouds
1679090400,2023-03-17 22:00:00 +0000 UTC,local,11.59,11.13,11.59,11.59,1018,,,89,3.02,,100,overcast clouds
1679094000,2023-03-17 23:00:00 +0000 UTC,local,10.61,10.13,10.61,10.61,1019,,,92,2.98,,94,overcast clouds
1679097600,2023-03-18 00:00:00 +0000 UTC,local,9.8,8.71,9.8,9.8,1018,,,93,2.33,,88,overcast clouds
1679101200,2023-03-18 01:00:00 +0000 UTC,local,9.6,8.98,9.6,9.6,1018,,,95,1.71,,39,scattered clouds
1679104800,2023-03-18 02:00:00 +0000 UTC,local,9.82,9.82,9.82,9.82,1018,,,93,1.29,,39,scattered clouds
1679108400,2023-03-18 03:00:00 +0000 UTC,local,10.88,10.4,10.88,10.88,1017,,,91,1.41,,53,broken clouds
1679112000,2023-03-18 04:00:00 +0000 UTC,local,11.42,10.97,11.42,11.42,1018,,,90,1.83,,64,broken clouds
1679115600,2023-03-18 05:00:00 +0000 UTC,local,10.66,10.21,10.66,10.66,1018,,,93,2.44,,67,broken clouds
1679119200,2023-03-18 06:00:00 +0000 UTC,local,9.92,8.6,9.92,9.92,1018,,,95,2.7,,63,broken clouds
1679122800,2023-03-18 07:00:00 +0000 UTC,local,9.39,7.69,9.39,9.39,1019,,,97,3.16,,11,few clouds
1679126400,2023-03-18 08:00:00 +0000 UTC,local,11.24,10.77,11.24,11.24,1020,,,90,3.5,,16,few clouds
1679130000,2023-03-18 09:00:00 +0000 UTC,local,13.45,12.91,13.45,13.45,1020,,,79,4.0,,12,few clouds
1679133600,2023-03-18 10:00:00 +0000 UTC,local,15.15,14.47,15.15,15.15,1020,,,67,4.17,,14,few clouds
1679137200,2023-03-18 11:00:00 +0000 UTC,local,16.63,15.86,16.63,16.63,1020,,,58,4.3,,19,few clouds
1679140800,2023-03-18 12:00:00 +0000 UTC,local,17.77,16.99,17.77,17.77,1019,,,53,4.61,,24,few clouds
1679144400,2023-03-18 13:00:00 +0000 UTC,local,18.34,17.54,18.34,18.34,1019,,,50,4.63,,90,overcast clouds
1679148000,2023-03-18 14:00:00 +0000 UTC,local,17.94,17.04,17.94,17.94,1018,,,48,4.87,,95,overcast clouds
1679151600,2023-03-18 15:00:00 +0000 UTC,local,17.57,16.69,17.57,17.57,1018,,,50,4.95,,97,overcast clouds
1679155200,2023-03-18 16:00:00 +0000 UTC,local,17.36,16.54,17.36,17.36,1018,,,53,4.96,,97,overcast clouds
1679158800,2023-03-18 17:00:00 +0000 UTC,local,17.08,16.31,17.08,17.08,1018,,,56,5.85,,96,overcast clouds
1679162400,2023-03-18 18:00:00 +0000 UTC,local,16.15,15.44,16.15,16.15,1019,,,62,5.52,,95,overcast clouds
1679166000,2023-03-18 19:00:00 +0000 UTC,local,14.78,14.09,14.78,14.78,1020,,,68,4.99,,100,overcast clouds
1679169600,2023-03-18 20:00:00 +0000 UTC,local,13.55,12.94,13.55,13.55,1021,,,76,4.31,,91,overcast clouds
1679173200,2023-03-18 21:00:00 +0000 UTC,local,11.15,10.62,11.15,11.15,1021,,,88,3.45,,65,broken clouds
1679176800,2023-03-18 22:00:00 +0000 UTC,local,10.2,9.65,10.2,10.2,1021,,,91,3.09,,49,scattered clouds
1679180400,2023-03-18 23:00:00 +0000 UTC,local,9.6,7.95,9.6,9.6,1022,,,92,3.14,,40,scattered clouds
1679184000,2023-03-19 00:00:00 +0000 UTC,local,9.17,7.49,9.17,9.17,1022,,,93,3.04,,34,scattered clouds
1679187600,2023-03-19 01:00:00 +0000 UTC,local,8.88,6.98,8.88,8.88,1022,,,94,3.32,,7,clear sky
1679191200,2023-03-19 02:00:00 +0000 UTC,local,8.59,6.61,8.59,8.59,1021,,,95,3.35,,10,clear sky
1679194800,2023-03-19 03:00:00 +0000 UTC,local,8.18,6.27,8.18,8.18,1021,,,95,3.09,,11,few clouds
1679198400,2023-03-19 04:00:00 +0000 UTC,local,7.83,6.04,7.83,7.83,1021,,,95,2.79,,11,few clouds
1679202000,2023-03-19 05:00:00 +0000 UTC,local,7.5,5.5,7.5,7.5,1021,,,95,3.01,,11,few clouds
1679205600,2023-03-19 06:00:00 +0000 UTC,local,7.17,5.13,7.17,7.17,1021,,,95,2.98,,11,few clouds
1679209200,2023-03-19 07:00:00 +0000 UTC,local,7.21,5.41,7.21,7.21,1021,,,95,2.65,,29,scattered clouds
1679212800,2023-03-19 08:00:00 +0000 UTC,local,10.12,9.41,10.12,10.12,1022,,,85,2.6,,21,few clouds
1679216400,2023-03-19 09:00:00 +0000 UTC,local,13.25,12.51,13.25,13.25,1022,,,72,3.36,,18,few clouds
1679220000,2023-03-19 10:00:00 +0000 UTC,local,16.13,15.37,16.13,16.13,1022,,,60,4.04,,15,few clouds
1679223600,2023-03-19 11:00:00 +0000 UTC,local,18.38,17.61,18.38,18.38,1021,,,51,3.96,,13,few clouds
1679227200,2023-03-19 12:00:00 +0000 UTC,local,20.03,19.26,20.03,20.03,1021,,,45,4.06,,12,few clouds
1679230800,2023-03-19 13:00:00 +0000 UTC,local,21.01,20.24,21.01,21.01,1020,,,41,3.71,,5,clear sky
1679234400,2023-03-19 14:00:00 +0000 UTC,local,21.71,20.93,21.71,21.71,1019,,,38,3.24,,10,clear sky
1679238000,2023-03-19 15:00:00 +0000 UTC,local,22.1,21.33,22.1,22.1,1019,,,37,2.69,,21,few clouds
1679241600,2023-03-19 16:00:00 +0000 UTC,local,22.11,21.34,22.11,22.11,1018,,,37,2.37,,30,scattered clouds
1679245200,2023-03-19 17:00:00 +0000 UTC,local,21.61,20.87,21.61,21.61,1019,,,40,2.44,,35,scattered clouds
1679248800,2023-03-19 18:00:00 +0000 UTC,local,19.01,18.32,19.01,19.01,1019,,,52,2.59,,41,scattered clouds
1679252400,2023-03-19 19:00:00 +0000 UTC,local,15.55,14.73,15.55,15.55,1020,,,60,2.66,,13,few clouds
1679256000,2023-03-19 20:00:00 +0000 UTC,local,14.05,13.23,14.05,14.05,1021,,,66,2.78,,28,scattered clouds
1679259600,2023-03-19 21:00:00 +0000 UTC,local,13.02,12.18,13.02,13.02,1021,,,69,2.38,,28,scattered clouds
1679263200,2023-03-19 22:00:00 +0000 UTC,local,12.15,11.33,12.15,12.15,1021,,,73,1.55,,23,few clouds
1679266800,2023-03-19 23:00:00 +0000 UTC,local,11.39,10.57,11.39,11.39,1021,,,76,0.35,,20,few clouds
1679270400,2023-03-20 00:00:00 +0000 UTC,local,11.07,10.24,11.07,11.07,1021,,,77,0.52,,21,few clouds
1679274000,2023-03-20 01:00:00 +0000 UTC,local,10.8,10.0,10.8,10.8,1021,,,79,0.56,,5,clear sky
1679277600,2023-03-20 02:00:00 +0000 UTC,local,10.66,9.82,10.66,10.66,1021,,,78,0.8,,4,clear sky
1679281200,2023-03-20 03:00:00 +0000 UTC,local,10.47,9.64,10.47,10.47,1021,,,79,1.75,,5,clear sky
1679284800,2023-03-20 04:00:00 +0000 UTC,local,10.22,9.36,10.22,10.22,1021,,,79,1.66,,5,clear sky
1679288400,2023-03-20 05:00:00 +0000 UTC,local,9.96,9.49,9.96,9.96,1021,,,79,1.61,,5,clear sky
1679292000,2023-03-20 06:00:00 +0000 UTC,local,9.57,9.27,9.57,9.57,1021,,,81,1.4,,6,clear sky
1679295600,2023-03-20 07:00:00 +0000 UTC,local,10.06,9.24,10.06,10.06,1022,,,81,1.39,,23,few clouds
1679299200,2023-03-20 08:00:00 +0000 UTC,local,13.19,12.44,13.19,13.19,1022,,,72,1.13,,59,broken clouds
1679302800,2023-03-20 09:00:00 +0000 UTC,local,16.02,15.3,16.02,16.02,1022,,,62,1.83,,64,broken clouds
1679306400,2023-03-20 10:00:00 +0000 UTC,local,18.17,17.37,18.17,18.17,1022,,,51,1.82,,90,overcast clouds
1679310000,2023-03-20 11:00:00 +0000 UTC,local,20.03,19.24,20.03,20.03,1022,,,44,1.77,,88,overcast clouds
1679313600,2023-03-20 12:00:00 +0000 UTC,local,21.74,20.99,21.74,21.74,1021,,,39,0.87,,81,broken clouds
1679317200,2023-03-20 13:00:00 +0000 UTC,local,22.82,22.07,22.82,22.82,1021,,,35,0.89,,24,few clouds
1679320800,2023-03-20 14:00:00 +0000 UTC,local,23.29,22.54,23.29,23.29,1020,,,33,0.82,,30,scattered clouds
1679324400,2023-03-20 15:00:00 +0000 UTC,local,23.32,22.54,23.32,23.32,1019,,,32,1.61,,40,scattered clouds
1679328000,2023-03-20 16:00:00 +0000 UTC,local,23.19,22.4,23.19,23.19,1018,,,32,2.18,,48,scattered clouds
1679331600,2023-03-20 17:00:00 +0000 UTC,local,22.69,21.9,22.69,22.69,1018,,,34,2.52,,43,scattered clouds
1679335200,2023-03-20 18:00:00 +0000 UTC,local,19.93,19.21,19.93,19.93,1019,,,47,2.6,,56,broken clouds
1679338800,2023-03-20 19:00:00 +0000 UTC,local,15.71,14.88,15.71,15.71,1020,,,59,3.6,,34,scattered clouds
1679342400,2023-03-20 20:00:00 +0000 UTC,local,13.88,13.1,13.88,13.88,1020,,,68,3.05,,54,broken clouds
1679346000,2023-03-20 21:00:00 +0000 UTC,local,12.95,12.15,12.95,12.95,1021,,,71,2.98,,69,broken clouds
1679349600,2023-03-20 22:00:00 +0000 UTC,local,12.17,11.35,12.17,12.17,1021,,,73,2.68,,77,broken clouds
1679353200,2023-03-20 23:00:00 +0000 UTC,local,11.57,10.77,11.57,11.57,1021,,,76,2.66,,81,broken clouds
1679356800,2023-03-21 00:00:00 +0000 UTC,local,11.48,10.77,11.48,11.48,1020,,,80,2.62,,87,overcast clouds
1679360400,2023-03-21 01:00:00 +0000 UTC,local,11.33,10.66,11.33,11.33,1020,,,82,2.74,,100,overcast clouds
1679364000,2023-03-21 02:00:00 +0000 UTC,local,11.19,10.51,11.19,11.19,1019,,,82,2.87,,100,overcast clouds
1679367600,2023-03-21 03:00:00 +0000 UTC,local,11.12,10.43,11.12,11.12,1019,,,82,3.03,,100,overcast clouds
1679371200,2023-03-21 04:00:00 +0000 UTC,local,10.82,10.12,10.82,10.82,1019,,,83,3.3,,100,overcast clouds
1679374800,2023-03-21 05:00:00 +0000 UTC,local,10.57,9.85,10.57,10.57,1019,,,83,3.51,,100,overcast clouds
1679378400,2023-03-21 06:00:00 +0000 UTC,local,10.26,9.51,10.26,10.26,1019,,,83,3.23,,100,overcast clouds
1679382000,2023-03-21 07:00:00 +0000 UTC,local,10.3,9.53,10.3,10.3,1019,,,82,2.8,,100,overcast clouds
1679385600,2023-03-21 08:00:00 +0000 UTC,local,12.51,11.7,12.51,12.51,1019,,,72,2.2,,100,overcast clouds
1679389200,2023-03-21 09:00:00 +0000 UTC,local,15.25,14.42,15.25,15.25,1019,,,61,2.16,,100,overcast clouds
1679392800,2023-03-21 10:00:00 +0000 UTC,local,17.9,17.05,17.9,17.9,1019,,,50,3.29,,97,overcast clouds
1679396400,2023-03-21 11:00:00 +0000 UTC,local,19.81,18.97,19.81,19.81,1019,,,43,2.64,,83,broken clouds
1679400000,2023-03-21 12:00:00 +0000 UTC,local,21.43,20.62,21.43,21.43,1019,,,38,2.17,,70,broken clouds
1679403600,2023-03-21 13:00:00 +0000 UTC,local,22.6,21.83,22.6,22.6,1018,,,35,2.35,,6,clear sky
1679407200,2023-03-21 14:00:00 +0000 UTC,local,23.32,22.54,23.32,23.32,1017,,,32,2.84,,6,clear sky
1679410800,2023-03-21 15:00:00 +0000 UTC,local,23.88,23.16,23.88,23.88,1017,,,32,3.08,,28,scattered clouds
1679414400,2023-03-21 16:00:00 +0000 UTC,local,23.54,22.79,23.54,23.54,1016,,,32,3.98,,22,few clouds
1679418000,2023-03-21 17:00:00 +0000 UTC,local,22.51,21.73,22.51,22.51,1016,,,35,4.25,,18,few clouds
1679421600,2023-03-21 18:00:00 +0000 UTC,local,19.48,18.66,19.48,19.48,1016,,,45,3.84,,15,few clouds
1679425200,2023-03-21 19:00:00 +0000 UTC,local,16.38,15.35,16.38,16.38,1017,,,49,3.78,,0,clear sky
1679428800,2023-03-21 20:00:00 +0000 UTC,local,14.99,14.14,14.99,14.99,1018,,,61,3.67,,0,clear sky
1679432400,2023-03-21 21:00:00 +0000 UTC,local,13.54,12.99,13.54,13.54,1019,,,78,3.76,,0,clear sky
1679436000,2023-03-21 22:00:00 +0000 UTC,local,12.47,12.1,12.47,12.47,1019,,,89,3.05,,0,clear sky
1679439600,2023-03-21 23:00:00 +0000 UTC,local,11.91,11.53,11.91,11.91,1019,,,91,3.04,,0,clear sky
1679443200,2023-03-22 00:00:00 +0000 UTC,local,11.2,10.73,11.2,11.2,1018,,,90,3.04,,0,clear sky
1679446800,2023-03-22 01:00:00 +0000 UTC,local,10.51,9.97,10.51,10.51,1018,,,90,2.66,,0,clear sky
1679450400,2023-03-22 02:00:00 +0000 UTC,local,10.19,9.59,10.19,10.19,1017,,,89,2.29,,0,clear sky
1679454000,2023-03-22 03:00:00 +0000 UTC,local,9.71,8.63,9.71,9.71,1017,,,90,2.29,,0,clear sky
1679457600,2023-03-22 04:00:00 +0000 UTC,local,9.49,8.37,9.49,9.49,1017,,,90,2.29,,0,clear sky
1679461200,2023-03-22 05:00:00 +0000 UTC,local,9.1,7.41,9.1,9.1,1017,,,91,3.03,,1,clear sky
1679464800,2023-03-22 06:00:00 +0000 UTC,local,8.42,7.07,8.42,8.42,1018,,,91,2.34,,2,clear sky
1679468400,2023-03-22 07:00:00 +0000 UTC,local,8.79,7.58,8.79,8.79,1018,,,88,2.25,,42,scattered clouds
1679472000,2023-03-22 08:00:00 +0000 UTC,local,11.5,10.64,11.5,11.5,1018,,,74,2.91,,24,few clouds
1679475600,2023-03-22 09:00:00 +0000 UTC,local,14.48,13.55,14.48,14.48,1018,,,60,2.98,,17,few clouds
1679479200,2023-03-22 10:00:00 +0000 UTC,local,17.21,16.27,17.21,17.21,1018,,,49,2.56,,14,few clouds
1679482800,2023-03-22 11:00:00 +0000 UTC,local,19.43,18.53,19.43,19.43,1017,,,42,2.67,,17,few clouds
1679486400,2023-03-22 12:00:00 +0000 UTC,local,21.6,20.81,21.6,21.6,1017,,,38,2.45,,9,clear sky
1679490000,2023-03-22 13:00:00 +0000 UTC,local,22.93,22.14,22.93,22.93,1016,,,33,2.65,,6,clear sky
1679493600,2023-03-22 14:00:00 +0000 UTC,local,23.69,22.92,23.69,23.69,1015,,,31,2.97,,6,clear sky
1679497200,2023-03-22 15:00:00 +0000 UTC,local,24.03,23.27,24.03,24.03,1015,,,30,3.3,,6,clear sky
1679500800,2023-03-22 16:00:00 +0000 UTC,local,23.65,22.91,23.65,23.65,1014,,,32,3.69,,19,few clouds
1679504400,2023-03-22 17:00:00 +0000 UTC,local,22.65,21.91,22.65,22.65,1014,,,36,3.97,,34,scattered clouds
1679508000,2023-03-22 18:00:00 +0000 UTC,local,19.84,19.13,19.84,19.84,1015,,,48,3.9,,45,scattered clouds
1679511600,2023-03-22 19:00:00 +0000 UTC,local,15.73,14.79,15.73,15.73,1016,,,55,4.42,,93,overcast clouds
1679515200,2023-03-22 20:00:00 +0000 UTC,local,13.05,12.11,13.05,13.05,1017,,,65,3.88,,66,light rain
1679518800,2023-03-22 21:00:00 +0000 UTC,local,11.94,11.02,11.94,11.94,1018,,,70,3.06,,66,broken clouds
1679522400,2023-03-22 22:00:00 +0000 UTC,local,11.22,10.3,11.22,11.22,1018,,,73,3.06,,74,broken clouds
1679526000,2023-03-22 23:00:00 +0000 UTC,local,10.37,9.53,10.37,10.37,1018,,,79,2.99,,79,broken clouds
1679529600,2023-03-23 00:00:00 +0000 UTC,local,9.96,8.48,9.96,9.96,1017,,,83,2.97,,83,broken clouds
1679533200,2023-03-23 01:00:00 +0000 UTC,local,9.47,8.11,9.47,9.47,1017,,,87,2.63,,83,broken clouds
1679536800,2023-03-23 02:00:00 +0000 UTC,local,9.02,7.86,9.02,9.02,1017,,,88,2.23,,78,broken clouds
1679540400,2023-03-23 03:00:00 +0000 UTC,local,8.84,8.84,8.84,8.84,1016,,,86,1.22,,80,broken clouds
1679544000,2023-03-23 04:00:00 +0000 UTC,local,8.85,8.12,8.85,8.85,1016,,,85,1.71,,81,broken clouds
1679547600,2023-03-23 05:00:00 +0000 UTC,local,8.51,7.87,8.51,8.51,1016,,,85,1.57,,72,broken clouds
1679551200,2023-03-23 06:00:00 +0000 UTC,local,8.24,8.24,8.24,8.24,1016,,,83,0.87,,61,broken clouds
1679554800,2023-03-23 07:00:00 +0000 UTC,local,9.0,9.0,9.0,9.0,1016,,,80,0.52,,0,clear sky
1679558400,2023-03-23 08:00:00 +0000 UTC,local,12.41,11.43,12.41,12.41,1016,,,66,0.38,,1,clear sky
1679562000,2023-03-23 09:00:00 +0000 UTC,local,15.59,14.64,15.59,15.59,1017,,,55,0.84,,2,clear sky
1679565600,2023-03-23 10:00:00 +0000 UTC,local,18.48,17.61,18.48,18.48,1017,,,47,1.0,,3,clear sky
1679569200,2023-03-23 11:00:00 +0000 UTC,local,21.01,20.21,21.01,21.01,1016,,,40,2.51,,8,clear sky
1679572800,2023-03-23 12:00:00 +0000 UTC,local,22.97,22.16,22.97,22.97,1016,,,32,3.0,,16,few clouds
1679576400,2023-03-23 13:00:00 +0000 UTC,local,24.08,23.3,24.08,24.08,1015,,,29,3.44,,42,scattered clouds
1679580000,2023-03-23 14:00:00 +0000 UTC,local,24.34,23.53,24.34,24.34,1015,,,27,4.55,,65,broken clouds
1679583600,2023-03-23 15:00:00 +0000 UTC,local,23.79,22.96,23.79,23.79,1015,,,28,5.23,,77,broken clouds
1679587200,2023-03-23 16:00:00 +0000 UTC,local,22.42,21.58,22.42,22.42,1015,,,33,5.58,,82,broken clouds
1679590800,2023-03-23 17:00:00 +0000 UTC,local,20.8,19.95,20.8,20.8,1015,,,39,5.04,,86,overcast clouds
1679594400,2023-03-23 18:00:00 +0000 UTC,local,18.01,17.04,18.01,18.01,1016,,,45,5.28,,88,overcast clouds
1679598000,2023-03-23 19:00:00 +0000 UTC,local,14.61,13.64,14.61,14.61,1017,,,58,4.18,,100,overcast clouds
1679601600,2023-03-23 20:00:00 +0000 UTC,local,12.17,11.4,12.17,12.17,1018,,,75,3.43,,85,overcast clouds
1679605200,2023-03-23 21:00:00 +0000 UTC,local,10.81,10.22,10.81,10.81,1019,,,87,3.14,,68,broken clouds
1679608800,2023-03-23 22:00:00 +0000 UTC,local,10.06,9.5,10.06,10.06,1020,,,91,2.69,,51,broken clouds
1679612400,2023-03-23 23:00:00 +0000 UTC,local,9.67,8.66,9.67,9.67,1020,,,93,2.19,,41,scattered clouds
1679616000,2023-03-24 00:00:00 +0000 UTC,local,9.51,8.38,9.51,9.51,1020,,,94,2.31,,30,scattered clouds
1679619600,2023-03-24 01:00:00 +0000 UTC,local,9.36,8.41,9.36,9.36,1020,,,95,2.05,,27,scattered clouds
1679623200,2023-03-24 02:00:00 +0000 UTC,local,9.26,8.46,9.26,9.26,1020,,,95,1.85,,45,scattered clouds
1679626800,2023-03-24 03:00:00 +0000 UTC,local,9.37,8.63,9.37,9.37,1020,,,95,1.8,,59,broken clouds
1679630400,2023-03-24 04:00:00 +0000 UTC,local,9.36,8.76,9.36,9.36,1020,,,95,1.65,,66,broken clouds
1679634000,2023-03-24 05:00:00 +0000 UTC,local,9.62,8.85,9.62,9.62,1020,,,95,1.88,,73,broken clouds
1679637600,2023-03-24 06:00:00 +0000 UTC,local,9.75,9.38,9.75,9.75,1020,,,95,1.48,,78,broken clouds
1679641200,2023-03-24 07:00:00 +0000 UTC,local,10.55,10.14,10.55,10.55,1021,,,95,1.2,,100,overcast clouds
1679644800,2023-03-24 08:00:00 +0000 UTC,local,12.75,12.35,12.75,12.75,1022,,,87,0.58,,100,overcast clouds
1679648400,2023-03-24 09:00:00 +0000 UTC,local,15.09,14.72,15.09,15.09,1022,,,79,1.12,,100,overcast clouds
1679652000,2023-03-24 10:00:00 +0000 UTC,local,17.77,17.43,17.77,17.77,1023,,,70,2.53,,100,overcast clouds
1679655600,2023-03-24 11:00:00 +0000 UTC,local,20.23,19.9,20.23,20.23,1022,,,61,3.71,,100,overcast clouds
1679659200,2023-03-24 12:00:00 +0000 UTC,local,21.72,21.33,21.72,21.72,1022,,,53,4.06,,100,overcast clouds
1679662800,2023-03-24 13:00:00 +0000 UTC,local,22.28,21.9,22.28,22.28,1022,,,51,4.7,,100,overcast clouds
1679666400,2023-03-24 14:00:00 +0000 UTC,local,22.65,22.22,22.65,22.65,1021,,,48,4.65,,100,overcast clouds
1679670000,2023-03-24 15:00:00 +0000 UTC,local,23.22,22.8,23.22,23.22,1021,,,46,4.56,,100,overcast clouds
1679673600,2023-03-24 16:00:00 +0000 UTC,local,22.7,22.28,22.7,22.7,1021,,,48,5.42,,100,overcast clouds
1679677200,2023-03-24 17:00:00 +0000 UTC,local,21.56,21.16,21.56,21.56,1021,,,53,5.78,,100,overcast clouds
1679680800,2023-03-24 18:00:00 +0000 UTC,local,19.79,19.47,19.79,19.79,1022,,,63,5.04,,99,overcast clouds
1679684400,2023-03-24 19:00:00 +0000 UTC,local,16.52,16.29,16.52,16.52,1022,,,79,4.05,,69,broken clouds
1679688000,2023-03-24 20:00:00 +0000 UTC,local,14.83,14.69,14.83,14.83,1023,,,89,3.45,,57,broken clouds
1679691600,2023-03-24 21:00:00 +0000 UTC,local,13.98,13.84,13.98,13.98,1024,,,92,3.21,,57,broken clouds
1679695200,2023-03-24 22:00:00 +0000 UTC,local,13.33,13.15,13.33,13.33,1024,,,93,3.0,,58,broken clouds
1679698800,2023-03-24 23:00:00 +0000 UTC,local,12.8,12.56,12.8,12.8,1024,,,93,2.56,,59,broken clouds
1679702400,2023-03-25 00:00:00 +0000 UTC,local,12.39,12.14,12.39,12.39,1024,,,94,2.52,,61,broken clouds
1679706000,2023-03-25 01:00:00 +0000 UTC,local,12.14,11.86,12.14,12.14,1023,,,94,2.59,,63,broken clouds
1679709600,2023-03-25 02:00:00 +0000 UTC,local,11.88,11.6,11.88,11.88,1023,,,95,2.45,,81,broken clouds
1679713200,2023-03-25 03:00:00 +0000 UTC,local,11.59,11.29,11.59,11.59,1023,,,95,2.65,,82,broken clouds
1679716800,2023-03-25 04:00:00 +0000 UTC,local,11.29,10.98,11.29,11.29,1023,,,96,2.54,,77,broken clouds
1679720400,2023-03-25 05:00:00 +0000 UTC,local,11.05,10.69,11.05,11.05,1023,,,95,2.33,,67,broken clouds
1679724000,2023-03-25 06:00:00 +0000 UTC,local,10.83,10.45,10.83,10.83,1023,,,95,2.32,,57,broken clouds
1679727600,2023-03-25 07:00:00 +0000 UTC,local,11.09,10.71,11.09,11.09,1024,,,94,1.99,,6,clear sky
1679731200,2023-03-25 08:00:00 +0000 UTC,local,13.74,13.31,13.74,13.74,1024,,,82,2.05,,5,clear sky
1679734800,2023-03-25 09:00:00 +0000 UTC,local,16.39,15.91,16.39,16.39,1024,,,70,2.56,,28,scattered clouds
1679738400,2023-03-25 10:00:00 +0000 UTC,local,18.96,18.37,18.96,18.96,1024,,,56,2.91,,27,scattered clouds
1679742000,2023-03-25 11:00:00 +0000 UTC,local,21.04,20.43,21.04,21.04,1023,,,47,2.76,,24,few clouds
1679745600,2023-03-25 12:00:00 +0000 UTC,local,22.81,22.22,22.81,22.81,1023,,,41,2.26,,20,few clouds
1679749200,2023-03-25 13:00:00 +0000 UTC,local,24.0,23.42,24.0,24.0,1022,,,37,2.27,,0,clear sky
1679752800,2023-03-25 14:00:00 +0000 UTC,local,24.8,24.28,24.8,24.8,1022,,,36,2.61,,0,clear sky
1679756400,2023-03-25 15:00:00 +0000 UTC,local,25.34,24.84,25.34,25.34,1021,,,35,3.42,,2,clear sky
1679760000,2023-03-25 16:00:00 +0000 UTC,local,24.91,24.4,24.91,24.91,1020,,,36,4.77,,14,few clouds
1679763600,2023-03-25 17:00:00 +0000 UTC,local,23.89,23.38,23.89,23.89,1020,,,40,5.5,,22,few clouds
1679767200,2023-03-25 18:00:00 +0000 UTC,local,21.13,20.6,21.13,21.13,1021,,,50,6.56,,23,few clouds
1679770800,2023-03-25 19:00:00 +0000 UTC,local,17.21,16.55,17.21,17.21,1023,,,60,6.16,,100,overcast clouds
1679774400,2023-03-25 20:00:00 +0000 UTC,local,15.12,14.54,15.12,15.12,1023,,,71,5.02,,100,overcast clouds
1679778000,2023-03-25 21:00:00 +0000 UTC,local,13.74,13.31,13.74,13.74,1024,,,82,4.07,,100,overcast clouds
1679781600,2023-03-25 22:00:00 +0000 UTC,local,12.71,12.39,12.71,12.71,1024,,,90,3.45,,100,overcast clouds
1679785200,2023-03-25 23:00:00 +0000 UTC,local,12.33,12.07,12.33,12.33,1024,,,94,3.19,,100,overcast clouds
1679788800,2023-03-26 00:00:00 +0000 UTC,local,11.86,11.58,11.86,11.86,1024,,,95,3.24,,100,overcast clouds
1679792400,2023-03-26 01:00:00 +0000 UTC,local,11.63,11.33,11.63,11.63,1024,,,95,3.12,,98,overcast clouds
1679796000,2023-03-26 02:00:00 +0000 UTC,local,11.48,11.19,11.48,11.48,1023,,,96,2.95,,99,overcast clouds
1679799600,2023-03-26 03:00:00 +0000 UTC,local,11.36,11.06,11.36,11.36,1023,,,96,2.74,,99,overcast clouds
1679803200,2023-03-26 04:00:00 +0000 UTC,local,11.16,10.84,11.16,11.16,1023,,,96,3.0,,99,overcast clouds
1679806800,2023-03-26 05:00:00 +0000 UTC,local,10.86,10.51,10.86,10.86,1023,,,96,3.1,,99,overcast clouds
1679810400,2023-03-26 06:00:00 +0000 UTC,local,10.47,10.05,10.47,10.47,1023,,,95,3.29,,98,overcast clouds
1679814000,2023-03-26 07:00:00 +0000 UTC,local,10.61,10.21,10.61,10.61,1024,,,95,3.29,,99,overcast clouds
1679817600,2023-03-26 08:00:00 +0000 UTC,local,12.89,12.4,12.89,12.89,1025,,,83,4.26,,97,overcast clouds
1679821200,2023-03-26 09:00:00 +0000 UTC,local,15.86,15.41,15.86,15.86,1024,,,73,4.91,,77,broken clouds
1679824800,2023-03-26 10:00:00 +0000 UTC,local,18.33,17.92,18.33,18.33,1024,,,65,5.17,,69,broken clouds
1679828400,2023-03-26 11:00:00 +0000 UTC,local,20.33,19.93,20.33,20.33,1024,,,58,5.41,,65,broken clouds
1679832000,2023-03-26 12:00:00 +0000 UTC,local,22.02,21.61,22.02,22.02,1023,,,51,5.69,,73,broken clouds
1679835600,2023-03-26 13:00:00 +0000 UTC,local,22.92,22.49,22.92,22.92,1023,,,47,5.79,,79,broken clouds
1679839200,2023-03-26 14:00:00 +0000 UTC,local,23.57,23.11,23.57,23.57,1022,,,43,5.9,,63,broken clouds
1679842800,2023-03-26 15:00:00 +0000 UTC,local,23.53,23.04,23.53,23.53,1021,,,42,5.86,,65,broken clouds
1679846400,2023-03-26 16:00:00 +0000 UTC,local,23.2,22.67,23.2,23.2,1021,,,42,5.93,,71,broken clouds
1679850000,2023-03-26 17:00:00 +0000 UTC,local,22.38,21.8,22.38,22.38,1021,,,43,6.05,,71,broken clouds
1679853600,2023-03-26 18:00:00 +0000 UTC,local,20.6,19.92,20.6,20.6,1022,,,46,5.33,,49,scattered clouds
1679857200,2023-03-26 19:00:00 +0000 UTC,local,16.67,15.75,16.67,16.67,1022,,,52,4.03,,98,overcast clouds
1679860800,2023-03-26 20:00:00 +0000 UTC,local,14.6,13.55,14.6,14.6,1022,,,55,3.64,,70,broken clouds
1679864400,2023-03-26 21:00:00 +0000 UTC,local,13.52,12.42,13.52,13.52,1023,,,57,3.43,,75,broken clouds
1679868000,2023-03-26 22:00:00 +0000 UTC,local,12.72,11.59,12.72,12.72,1023,,,59,3.77,,81,broken clouds
1679871600,2023-03-26 23:00:00 +0000 UTC,local,11.8,10.63,11.8,11.8,1023,,,61,3.39,,84,broken clouds
1679875200,2023-03-27 00:00:00 +0000 UTC,local,11.04,9.79,11.04,11.04,1023,,,61,3.2,,87,overcast clouds
1679878800,2023-03-27 01:00:00 +0000 UTC,local,10.63,9.29,10.63,10.63,1022,,,59,2.79,,100,overcast clouds
1679882400,2023-03-27 02:00:00 +0000 UTC,local,10.12,8.78,10.12,10.12,1022,,,61,2.98,,99,overcast clouds
1679886000,2023-03-27 03:00:00 +0000 UTC,local,10.01,8.63,10.01,10.01,1021,,,60,2.86,,100,overcast clouds
1679889600,2023-03-27 04:00:00 +0000 UTC,local,10.02,8.64,10.02,10.02,1021,,,60,2.76,,100,overcast clouds
1679893200,2023-03-27 05:00:00 +0000 UTC,local,10.21,8.8,10.21,10.21,1021,,,58,2.86,,100,overcast clouds
1679896800,2023-03-27 06:00:00 +0000 UTC,local,10.4,8.98,10.4,10.4,1021,,,57,2.56,,100,overcast clouds
1679900400,2023-03-27 07:00:00 +0000 UTC,local,11.01,9.6,11.01,11.01,1021,,,55,2.75,,100,overcast clouds
1679904000,2023-03-27 08:00:00 +0000 UTC,local,13.19,11.79,13.19,13.19,1021,,,47,2.54,,95,overcast clouds
1679907600,2023-03-27 09:00:00 +0000 UTC,local,16.58,15.26,16.58,16.58,1021,,,37,3.18,,96,overcast clouds
1679911200,2023-03-27 10:00:00 +0000 UTC,local,19.77,18.56,19.77,19.77,1021,,,29,3.44,,85,overcast clouds
1679914800,2023-03-27 11:00:00 +0000 UTC,local,22.11,21.0,22.11,22.11,1021,,,24,3.64,,85,overcast clouds
1679918400,2023-03-27 12:00:00 +0000 UTC,local,23.77,22.72,23.77,23.77,1021,,,20,3.32,,86,overcast clouds
1679922000,2023-03-27 13:00:00 +0000 UTC,local,25.14,24.21,25.14,25.14,1020,,,19,3.13,,45,scattered clouds
1679925600,2023-03-27 14:00:00 +0000 UTC,local,25.76,24.86,25.76,25.76,1019,,,18,2.91,,32,scattered clouds
1679929200,2023-03-27 15:00:00 +0000 UTC,local,25.98,25.98,25.98,25.98,1019,,,18,2.35,,23,few clouds
1679932800,2023-03-27 16:00:00 +0000 UTC,local,25.91,25.05,25.91,25.91,1018,,,19,2.15,,18,few clouds
1679936400,2023-03-27 17:00:00 +0000 UTC,local,25.25,24.38,25.25,25.25,1018,,,21,2.41,,14,few clouds
1679940000,2023-03-27 18:00:00 +0000 UTC,local,22.11,21.21,22.11,22.11,1019,,,32,2.58,,15,few clouds
1679943600,2023-03-27 19:00:00 +0000 UTC,local,17.48,16.22,17.48,17.48,1019,,,36,2.58,,2,clear sky
1679947200,2023-03-27 20:00:00 +0000 UTC,local,15.59,14.28,15.59,15.59,1020,,,41,2.57,,5,clear sky
1679950800,2023-03-27 21:00:00 +0000 UTC,local,14.56,13.25,14.56,14.56,1021,,,45,2.5,,6,clear sky
1679954400,2023-03-27 22:00:00 +0000 UTC,local,13.79,12.5,13.79,13.79,1021,,,49,2.34,,8,clear sky
1679958000,2023-03-27 23:00:00 +0000 UTC,local,13.16,11.86,13.16,13.16,1021,,,51,2.2,,10,clear sky
1679961600,2023-03-28 00:00:00 +0000 UTC,local,12.73,11.44,12.73,12.73,1021,,,53,2.06,,9,clear sky
1679965200,2023-03-28 01:00:00 +0000 UTC,local,12.2,10.89,12.2,12.2,1021,,,54,1.6,,15,few clouds
1679968800,2023-03-28 02:00:00 +0000 UTC,local,11.85,10.5,11.85,11.85,1021,,,54,1.53,,15,few clouds
1679972400,2023-03-28 03:00:00 +0000 UTC,local,11.47,10.08,11.47,11.47,1020,,,54,1.4,,24,few clouds
1679976000,2023-03-28 04:00:00 +0000 UTC,local,11.12,9.7,11.12,11.12,1020,,,54,1.27,,28,scattered clouds
1679979600,2023-03-28 05:00:00 +0000 UTC,local,10.87,9.42,10.87,10.87,1020,,,54,1.03,,31,scattered clouds
1679983200,2023-03-28 06:00:00 +0000 UTC,local,10.77,9.31,10.77,10.77,1020,,,54,0.86,,28,scattered clouds
1679986800,2023-03-28 07:00:00 +0000 UTC,local,11.99,10.63,11.99,11.99,1021,,,53,1.19,,44,scattered clouds
1679990400,2023-03-28 08:00:00 +0000 UTC,local,15.82,14.61,15.82,15.82,1021,,,44,1.78,,32,scattered clouds
1679994000,2023-03-28 09:00:00 +0000 UTC,local,18.99,17.99,18.99,18.99,1021,,,40,3.08,,34,scattered clouds
1679997600,2023-03-28 10:00:00 +0000 UTC,local,21.56,20.71,21.56,21.56,1022,,,36,3.51,,31,scattered clouds
1680001200,2023-03-28 11:00:00 +0000 UTC,local,23.7,22.99,23.7,23.7,1021,,,33,3.64,,30,scattered clouds
1680004800,2023-03-28 12:00:00 +0000 UTC,local,25.31,24.68,25.31,25.31,1021,,,30,3.89,,33,scattered clouds
1680008400,2023-03-28 13:00:00 +0000 UTC,local,26.35,26.35,26.35,26.35,1020,,,27,3.76,,48,scattered clouds
1680012000,2023-03-28 14:00:00 +0000 UTC,local,26.98,26.26,26.98,26.98,1020,,,26,3.73,,39,scattered clouds
1680015600,2023-03-28 15:00:00 +0000 UTC,local,27.09,26.33,27.09,27.09,1019,,,26,3.45,,51,broken clouds
1680019200,2023-03-28 16:00:00 +0000 UTC,local,26.6,26.6,26.6,26.6,1019,,,27,3.2,,63,broken clouds
1680022800,2023-03-28 17:00:00 +0000 UTC,local,25.59,25.01,25.59,25.59,1019,,,31,3.11,,70,broken clouds
1680026400,2023-03-28 18:00:00 +0000 UTC,local,22.37,21.71,22.37,22.37,1020,,,40,3.51,,67,broken clouds
1680030000,2023-03-28 19:00:00 +0000 UTC,local,18.64,17.73,18.64,18.64,1020,,,45,3.11,,100,overcast clouds
1680033600,2023-03-28 20:00:00 +0000 UTC,local,16.55,15.62,16.55,16.55,1021,,,52,2.27,,100,overcast clouds
1680037200,2023-03-28 21:00:00 +0000 UTC,local,15.24,14.33,15.24,15.24,1022,,,58,1.61,,100,overcast clouds
1680040800,2023-03-28 22:00:00 +0000 UTC,local,14.54,13.62,14.54,14.54,1022,,,60,1.01,,100,overcast clouds
1680044400,2023-03-28 23:00:00 +0000 UTC,local,14.02,13.07,14.02,14.02,1022,,,61,0.9,,100,overcast clouds
1680048000,2023-03-29 00:00:00 +0000 UTC,local,13.7,12.72,13.7,13.7,1022,,,61,0.92,,100,overcast clouds
1680051600,2023-03-29 01:00:00 +0000 UTC,local,13.54,12.54,13.54,13.54,1021,,,61,1.09,,100,overcast clouds
1680055200,2023-03-29 02:00:00 +0000 UTC,local,13.2,12.19,13.2,13.2,1021,,,62,1.05,,100,overcast clouds
1680058800,2023-03-29 03:00:00 +0000 UTC,local,12.78,11.73,12.78,12.78,1021,,,62,0.82,,100,overcast clouds
1680062400,2023-03-29 04:00:00 +0000 UTC,local,12.19,11.14,12.19,12.19,1021,,,64,0.89,,97,overcast clouds
1680066000,2023-03-29 05:00:00 +0000 UTC,local,11.86,10.8,11.86,11.86,1021,,,65,1.05,,95,overcast clouds
1680069600,2023-03-29 06:00:00 +0000 UTC,local,11.69,10.61,11.69,11.69,1021,,,65,0.73,,91,overcast clouds
1680073200,2023-03-29 07:00:00 +0000 UTC,local,13.14,12.08,13.14,13.14,1021,,,60,1.29,,54,broken clouds
1680076800,2023-03-29 08:00:00 +0000 UTC,local,16.46,15.47,16.46,16.46,1022,,,50,1.27,,43,scattered clouds
1680080400,2023-03-29 09:00:00 +0000 UTC,local,19.37,18.43,19.37,19.37,1022,,,41,2.61,,30,scattered clouds
1680084000,2023-03-29 10:00:00 +0000 UTC,local,21.94,21.1,21.94,21.94,1022,,,35,3.61,,25,scattered clouds
1680087600,2023-03-29 11:00:00 +0000 UTC,local,24.12,23.34,24.12,24.12,1022,,,29,4.03,,25,scattered clouds
1680091200,2023-03-29 12:00:00 +0000 UTC,local,25.52,24.75,25.52,25.52,1022,,,24,4.03,,19,few clouds
1680094800,2023-03-29 13:00:00 +0000 UTC,local,26.37,26.37,26.37,26.37,1021,,,23,3.82,,37,scattered clouds
1680098400,2023-03-29 14:00:00 +0000 UTC,local,26.88,26.1,26.88,26.88,1021,,,23,3.62,,53,broken clouds
1680102000,2023-03-29 15:00:00 +0000 UTC,local,26.96,26.18,26.96,26.96,1020,,,24,3.76,,55,broken clouds
1680105600,2023-03-29 16:00:00 +0000 UTC,local,26.66,26.66,26.66,26.66,1020,,,25,3.17,,66,broken clouds
1680109200,2023-03-29 17:00:00 +0000 UTC,local,25.76,25.15,25.76,25.76,1020,,,29,2.69,,73,broken clouds
1680112800,2023-03-29 18:00:00 +0000 UTC,local,22.44,21.84,22.44,22.44,1021,,,42,1.63,,77,broken clouds
1680116400,2023-03-29 19:00:00 +0000 UTC,local,18.52,17.79,18.52,18.52,1022,,,52,2.28,,100,overcast clouds
1680120000,2023-03-29 20:00:00 +0000 UTC,local,16.25,15.5,16.25,16.25,1024,,,60,3.5,,75,broken clouds
1680123600,2023-03-29 21:00:00 +0000 UTC,local,14.14,13.44,14.14,14.14,1025,,,70,2.93,,64,broken clouds
1680127200,2023-03-29 22:00:00 +0000 UTC,local,13.01,12.4,13.01,13.01,1025,,,78,2.38,,73,broken clouds
1680130800,2023-03-29 23:00:00 +0000 UTC,local,12.73,12.17,12.73,12.73,1025,,,81,1.95,,78,broken clouds
1680134400,2023-03-30 00:00:00 +0000 UTC,local,12.64,12.15,12.64,12.64,1025,,,84,1.77,,82,broken clouds
1680138000,2023-03-30 01:00:00 +0000 UTC,local,12.67,12.16,12.67,12.67,1025,,,83,2.15,,100,overcast clouds
1680141600,2023-03-30 02:00:00 +0000 UTC,local,12.52,11.97,12.52,12.52,1025,,,82,1.95,,100,overcast clouds
1680145200,2023-03-30 03:00:00 +0000 UTC,local,12.17,11.58,12.17,12.17,1025,,,82,1.94,,100,overcast clouds
1680148800,2023-03-30 04:00:00 +0000 UTC,local,11.56,10.99,11.56,11.56,1025,,,85,2.25,,85,overcast clouds
1680152400,2023-03-30 05:00:00 +0000 UTC,local,11.28,10.74,11.28,11.28,1025,,,87,2.04,,74,broken clouds
1680156000,2023-03-30 06:00:00 +0000 UTC,local,10.86,10.27,10.86,10.86,1025,,,87,1.29,,62,broken clouds
1680159600,2023-03-30 07:00:00 +0000 UTC,local,11.97,11.55,11.97,11.97,1026,,,89,1.51,,17,few clouds
1680163200,2023-03-30 08:00:00 +0000 UTC,local,15.08,14.68,15.08,15.08,1026,,,78,2.22,,38,scattered clouds
1680166800,2023-03-30 09:00:00 +0000 UTC,local,17.5,17.08,17.5,17.5,1026,,,68,2.13,,56,broken clouds
1680170400,2023-03-30 10:00:00 +0000 UTC,local,19.92,19.43,19.92,19.92,1026,,,56,1.73,,67,broken clouds
1680174000,2023-03-30 11:00:00 +0000 UTC,local,22.67,22.14,22.67,22.67,1027,,,44,3.37,,60,broken clouds
1680177600,2023-03-30 12:00:00 +0000 UTC,local,24.68,24.12,24.68,24.68,1026,,,35,3.19,,62,broken clouds
1680181200,2023-03-30 13:00:00 +0000 UTC,local,26.48,26.48,26.48,26.48,1025,,,28,3.98,,32,scattered clouds
1680184800,2023-03-30 14:00:00 +0000 UTC,local,27.41,26.46,27.41,27.41,1024,,,24,5.23,,52,broken clouds
1680188400,2023-03-30 15:00:00 +0000 UTC,local,27.5,26.43,27.5,27.5,1024,,,21,6.32,,43,scattered clouds
1680192000,2023-03-30 16:00:00 +0000 UTC,local,26.4,26.4,26.4,26.4,1024,,,20,7.35,,49,scattered clouds
1680195600,2023-03-30 17:00:00 +0000 UTC,local,24.62,23.74,24.62,24.62,1025,,,23,7.01,,49,scattered clouds
1680199200,2023-03-30 18:00:00 +0000 UTC,local,21.51,20.63,21.51,21.51,1026,,,35,6.15,,61,broken clouds
1680202800,2023-03-30 19:00:00 +0000 UTC,local,17.07,16.11,17.07,17.07,1027,,,49,4.26,,64,broken clouds
1680206400,2023-03-30 20:00:00 +0000 UTC,local,14.57,13.7,14.57,14.57,1027,,,62,2.4,,82,broken clouds
1680210000,2023-03-30 21:00:00 +0000 UTC,local,13.53,12.77,13.53,13.53,1028,,,70,3.1,,88,overcast clouds
1680213600,2023-03-30 22:00:00 +0000 UTC,local,12.75,12.06,12.75,12.75,1028,,,76,2.36,,91,overcast clouds
1680217200,2023-03-30 23:00:00 +0000 UTC,local,12.72,12.08,12.72,12.72,1028,,,78,2.52,,93,overcast clouds
1680220800,2023-03-31 00:00:00 +0000 UTC,local,11.95,11.34,11.95,11.95,1027,,,82,2.64,,94,overcast clouds
1680224400,2023-03-31 01:00:00 +0000 UTC,local,11.78,11.21,11.78,11.78,1027,,,84,2.22,,100,overcast clouds
1680228000,2023-03-31 02:00:00 +0000 UTC,local,11.37,10.81,11.37,11.37,1027,,,86,2.15,,100,overcast clouds
1680231600,2023-03-31 03:00:00 +0000 UTC,local,11.31,10.77,11.31,11.31,1027,,,87,2.51,,100,overcast clouds
1680235200,2023-03-31 04:00:00 +0000 UTC,local,11.08,10.59,11.08,11.08,1026,,,90,2.57,,100,overcast clouds
1680238800,2023-03-31 05:00:00 +0000 UTC,local,10.83,10.34,10.83,10.83,1026,,,91,2.54,,100,overcast clouds
1680242400,2023-03-31 06:00:00 +0000 UTC,local,10.99,10.55,10.99,10.99,1026,,,92,2.28,,100,overcast clouds
1680246000,2023-03-31 07:00:00 +0000 UTC,local,12.31,11.97,12.31,12.31,1027,,,91,2.2,,100,overcast clouds
1680249600,2023-03-31 08:00:00 +0000 UTC,local,14.92,14.63,14.92,14.92,1027,,,83,3.34,,100,overcast clouds
1680253200,2023-03-31 09:00:00 +0000 UTC,local,17.37,17.15,17.37,17.37,1027,,,76,3.68,,100,overcast clouds
1680256800,2023-03-31 10:00:00 +0000 UTC,local,18.92,18.75,18.92,18.92,1027,,,72,4.12,,100,overcast clouds
1680260400,2023-03-31 11:00:00 +0000 UTC,local,19.27,19.08,19.27,19.27,1027,,,70,4.13,,100,overcast clouds
1680264000,2023-03-31 12:00:00 +0000 UTC,local,19.54,19.33,19.54,19.54,1027,,,68,3.88,,100,overcast clouds
1680267600,2023-03-31 13:00:00 +0000 UTC,local,20.43,20.17,20.43,20.43,1026,,,63,4.3,,100,overcast clouds
1680271200,2023-03-31 14:00:00 +0000 UTC,local,21.4,21.14,21.4,21.4,1026,,,59,4.56,,100,overcast clouds
1680274800,2023-03-31 15:00:00 +0000 UTC,local,22.19,21.9,22.19,22.19,1025,,,55,4.89,,100,overcast clouds
1680278400,2023-03-31 16:00:00 +0000 UTC,local,22.79,22.46,22.79,22.79,1024,,,51,5.16,,100,overcast clouds
1680282000,2023-03-31 17:00:00 +0000 UTC,local,22.49,22.13,22.49,22.49,1024,,,51,5.68,,100,overcast clouds
1680285600,2023-03-31 18:00:00 +0000 UTC,local,20.57,20.28,20.57,20.57,1025,,,61,5.08,,100,overcast clouds
1680289200,2023-03-31 19:00:00 +0000 UTC,local,18.19,17.92,18.19,18.19,1025,,,71,4.72,,100,overcast clouds
1680292800,2023-03-31 20:00:00 +0000 UTC,local,16.11,15.94,16.11,16.11,1026,,,83,4.35,,100,overcast clouds
1680296400,2023-03-31 21:00:00 +0000 UTC,local,15.03,14.94,15.03,15.03,1027,,,90,4.71,,100,overcast clouds
1680300000,2023-03-31 22:00:00 +0000 UTC,local,14.29,14.23,14.29,14.29,1027,,,94,4.86,,100,overcast clouds
1680303600,2023-03-31 23:00:00 +0000 UTC,local,13.49,13.35,13.49,13.49,1027,,,94,4.18,,100,overcast clouds
1680307200,2023-04-01 00:00:00 +0000 UTC,local,12.69,12.39,12.69,12.69,1027,,,91,4.08,,100,overcast clouds
1680310800,2023-04-01 01:00:00 +0000 UTC,local,11.67,11.22,11.67,11.67,1027,,,89,4.08,,99,overcast clouds
1680314400,2023-04-01 02:00:00 +0000 UTC,local,10.85,10.29,10.85,10.85,1026,,,88,3.89,,79,broken clouds
1680318000,2023-04-01 03:00:00 +0000 UTC,local,10.3,9.66,10.3,10.3,1026,,,87,3.77,,62,broken clouds
1680321600,2023-04-01 04:00:00 +0000 UTC,local,9.96,7.94,9.96,9.96,1026,,,87,4.02,,69,broken clouds
1680325200,2023-04-01 05:00:00 +0000 UTC,local,9.59,7.77,9.59,9.59,1026,,,87,3.44,,75,broken clouds
1680328800,2023-04-01 06:00:00 +0000 UTC,local,9.34,7.48,9.34,9.34,1027,,,88,3.42,,79,broken clouds
1680332400,2023-04-01 07:00:00 +0000 UTC,local,10.02,9.19,10.02,10.02,1027,,,81,3.07,,20,few clouds
1680336000,2023-04-01 08:00:00 +0000 UTC,local,12.92,12.04,12.92,12.92,1027,,,68,4.21,,58,broken clouds
1680339600,2023-04-01 09:00:00 +0000 UTC,local,15.93,15.04,15.93,15.93,1027,,,56,4.32,,65,broken clouds
1680343200,2023-04-01 10:00:00 +0000 UTC,local,18.55,17.77,18.55,18.55,1027,,,50,5.11,,61,broken clouds
1680346800,2023-04-01 11:00:00 +0000 UTC,local,20.56,19.92,20.56,20.56,1026,,,48,5.21,,58,broken clouds
1680350400,2023-04-01 12:00:00 +0000 UTC,local,22.08,21.6,22.08,22.08,1025,,,48,5.58,,72,broken clouds
1680354000,2023-04-01 13:00:00 +0000 UTC,local,23.3,22.86,23.3,23.3,1025,,,45,5.79,,54,broken clouds
1680357600,2023-04-01 14:00:00 +0000 UTC,local,24.14,23.71,24.14,24.14,1024,,,42,6.35,,48,scattered clouds
1680361200,2023-04-01 15:00:00 +0000 UTC,local,24.12,23.68,24.12,24.12,1023,,,42,7.31,,34,scattered clouds
1680364800,2023-04-01 16:00:00 +0000 UTC,local,23.49,23.07,23.49,23.49,1023,,,45,8.01,,34,scattered clouds
1680368400,2023-04-01 17:00:00 +0000 UTC,local,22.0,21.61,22.0,22.0,1023,,,52,7.83,,39,scattered clouds
1680372000,2023-04-01 18:00:00 +0000 UTC,local,20.23,19.9,20.23,20.23,1024,,,61,6.68,,34,scattered clouds
1680375600,2023-04-01 19:00:00 +0000 UTC,local,17.43,17.13,17.43,17.43,1024,,,73,6.04,,8,clear sky
1680379200,2023-04-01 20:00:00 +0000 UTC,local,15.51,15.34,15.51,15.51,1025,,,85,6.05,,19,few clouds
1680382800,2023-04-01 21:00:00 +0000 UTC,local,14.29,14.23,14.29,14.29,1025,,,94,5.65,,19,few clouds
1680386400,2023-04-01 22:00:00 +0000 UTC,local,13.88,13.86,13.88,13.88,1025,,,97,5.13,,26,scattered clouds
1680390000,2023-04-01 23:00:00 +0000 UTC,local,13.82,13.79,13.82,13.82,1025,,,97,5.07,,38,scattered clouds
1680393600,2023-04-02 00:00:00 +0000 UTC,local,14.14,14.04,14.14,14.14,1025,,,93,5.54,,57,broken clouds
1680397200,2023-04-02 01:00:00 +0000 UTC,local,14.12,13.99,14.12,14.12,1024,,,92,5.36,,100,overcast clouds
1680400800,2023-04-02 02:00:00 +0000 UTC,local,13.97,13.8,13.97,13.97,1024,,,91,5.5,,100,overcast clouds
1680404400,2023-04-02 03:00:00 +0000 UTC,local,13.88,13.6,13.88,13.88,1024,,,87,5.71,,100,overcast clouds
1680408000,2023-04-02 04:00:00 +0000 UTC,local,13.72,13.39,13.72,13.72,1023,,,86,5.47,,100,overcast clouds
1680411600,2023-04-02 05:00:00 +0000 UTC,local,13.88,13.49,13.88,13.88,1023,,,83,5.27,,100,overcast clouds
1680415200,2023-04-02 06:00:00 +0000 UTC,local,13.79,13.34,13.79,13.79,1024,,,81,4.34,,99,overcast clouds
1680418800,2023-04-02 07:00:00 +0000 UTC,local,11.82,11.36,11.82,11.82,1024,,,88,3.1,,78,broken clouds
1680422400,2023-04-02 08:00:00 +0000 UTC,local,13.88,13.39,13.88,13.88,1024,,,79,3.49,,63,broken clouds
1680426000,2023-04-02 09:00:00 +0000 UTC,local,16.31,15.62,16.31,16.31,1025,,,62,4.05,,49,scattered clouds
1680429600,2023-04-02 10:00:00 +0000 UTC,local,18.73,17.76,18.73,18.73,1025,,,42,4.77,,40,scattered clouds
1680433200,2023-04-02 11:00:00 +0000 UTC,local,20.63,19.51,20.63,20.63,1025,,,29,5.07,,34,scattered clouds
1680436800,2023-04-02 12:00:00 +0000 UTC,local,22.1,20.97,22.1,22.1,1024,,,23,5.31,,43,scattered clouds
1680440400,2023-04-02 13:00:00 +0000 UTC,local,23.33,22.24,23.33,23.33,1023,,,20,5.3,,7,clear sky
1680444000,2023-04-02 14:00:00 +0000 UTC,local,24.25,23.2,24.25,24.25,1022,,,18,5.11,,7,clear sky
1680447600,2023-04-02 15:00:00 +0000 UTC,local,24.77,23.77,24.77,24.77,1021,,,18,5.49,,8,clear sky
1680451200,2023-04-02 16:00:00 +0000 UTC,local,24.67,23.69,24.67,24.67,1020,,,19,5.87,,14,few clouds
1680454800,2023-04-02 17:00:00 +0000 UTC,local,23.88,22.9,23.88,23.88,1020,,,22,6.16,,17,few clouds
1680458400,2023-04-02 18:00:00 +0000 UTC,local,21.8,20.82,21.8,21.8,1021,,,30,5.3,,16,few clouds
1680462000,2023-04-02 19:00:00 +0000 UTC,local,17.35,16.13,17.35,17.35,1021,,,38,4.47,,23,few clouds
1680465600,2023-04-02 20:00:00 +0000 UTC,local,15.35,14.04,15.35,15.35,1022,,,42,4.32,,24,few clouds
1680469200,2023-04-02 21:00:00 +0000 UTC,local,14.13,12.7,14.13,14.13,1022,,,42,3.65,,19,few clouds
1680472800,2023-04-02 22:00:00 +0000 UTC,local,13.16,11.6,13.16,13.16,1022,,,41,2.89,,16,few clouds
1680476400,2023-04-02 23:00:00 +0000 UTC,local,12.39,10.76,12.39,12.39,1022,,,41,2.62,,15,few clouds
1680480000,2023-04-03 00:00:00 +0000 UTC,local,11.54,9.85,11.54,11.54,1022,,,42,2.97,,9,clear sky
1680483600,2023-04-03 01:00:00 +0000 UTC,local,10.87,9.16,10.87,10.87,1021,,,44,2.79,,8,clear sky
1680487200,2023-04-03 02:00:00 +0000 UTC,local,10.26,8.54,10.26,10.26,1021,,,46,2.68,,7,clear sky
1680490800,2023-04-03 03:00:00 +0000 UTC,local,9.78,8.59,9.78,9.78,1020,,,47,2.46,,6,clear sky
1680494400,2023-04-03 04:00:00 +0000 UTC,local,9.34,8.23,9.34,9.34,1020,,,49,2.24,,5,clear sky
1680498000,2023-04-03 05:00:00 +0000 UTC,local,8.91,7.77,8.91,8.91,1019,,,50,2.18,,6,clear sky
1680501600,2023-04-03 06:00:00 +0000 UTC,local,8.5,7.44,8.5,8.5,1020,,,51,2.0,,6,clear sky
1680505200,2023-04-03 07:00:00 +0000 UTC,local,9.96,9.25,9.96,9.96,1020,,,47,1.88,,19,few clouds
1680508800,2023-04-03 08:00:00 +0000 UTC,local,13.5,11.9,13.5,13.5,1020,,,38,1.88,,29,scattered clouds
1680512400,2023-04-03 09:00:00 +0000 UTC,local,16.67,15.23,16.67,16.67,1019,,,32,2.2,,27,scattered clouds
1680516000,2023-04-03 10:00:00 +0000 UTC,local,19.36,18.08,19.36,19.36,1019,,,28,1.9,,22,few clouds
1680519600,2023-04-03 11:00:00 +0000 UTC,local,21.5,20.33,21.5,21.5,1018,,,24,1.77,,26,scattered clouds
1680523200,2023-04-03 12:00:00 +0000 UTC,local,23.62,22.56,23.62,23.62,1017,,,20,1.67,,36,scattered clouds
1680526800,2023-04-03 13:00:00 +0000 UTC,local,24.51,23.46,24.51,24.51,1016,,,17,2.35,,100,overcast clouds
1680530400,2023-04-03 14:00:00 +0000 UTC,local,25.45,24.47,25.45,25.45,1014,,,16,3.29,,100,overcast clouds
1680534000,2023-04-03 15:00:00 +0000 UTC,local,25.85,24.91,25.85,25.85,1013,,,16,4.31,,100,overcast clouds
1680537600,2023-04-03 16:00:00 +0000 UTC,local,25.22,24.27,25.22,25.22,1013,,,18,6.29,,100,overcast clouds
1680541200,2023-04-03 17:00:00 +0000 UTC,local,23.88,22.9,23.88,23.88,1012,,,22,6.02,,100,overcast clouds
1680544800,2023-04-03 18:00:00 +0000 UTC,local,22.08,21.07,22.08,22.08,1012,,,28,4.75,,95,overcast clouds
1680548400,2023-04-03 19:00:00 +0000 UTC,local,16.7,15.73,16.7,16.7,1012,,,50,3.9,,86,light rain
1680552000,2023-04-03 20:00:00 +0000 UTC,local,15.32,14.37,15.32,15.32,1012,,,56,4.26,,93,overcast clouds
1680555600,2023-04-03 21:00:00 +0000 UTC,local,13.63,12.8,13.63,13.63,1013,,,67,5.51,,95,overcast clouds
1680559200,2023-04-03 22:00:00 +0000 UTC,local,13.29,12.45,13.29,13.29,1013,,,68,5.03,,97,overcast clouds
1680562800,2023-04-03 23:00:00 +0000 UTC,local,12.47,11.57,12.47,12.47,1012,,,69,3.65,,97,overcast clouds
1680566400,2023-04-04 00:00:00 +0000 UTC,local,12.44,11.49,12.44,12.44,1012,,,67,4.83,,99,overcast clouds
1680570000,2023-04-04 01:00:00 +0000 UTC,local,12.34,11.33,12.34,12.34,1011,,,65,4.52,,100,overcast clouds
1680573600,2023-04-04 02:00:00 +0000 UTC,local,11.24,10.25,11.24,11.24,1011,,,70,4.38,,100,overcast clouds
1680577200,2023-04-04 03:00:00 +0000 UTC,local,10.67,9.7,10.67,10.67,1010,,,73,4.26,,100,overcast clouds
1680580800,2023-04-04 04:00:00 +0000 UTC,local,10.16,9.32,10.16,10.16,1010,,,80,4.32,,100,overcast clouds
1680584400,2023-04-04 05:00:00 +0000 UTC,local,9.39,7.15,9.39,9.39,1010,,,90,4.23,,100,overcast clouds
1680588000,2023-04-04 06:00:00 +0000 UTC,local,8.77,6.65,8.77,8.77,1011,,,94,3.69,,100,overcast clouds
1680591600,2023-04-04 07:00:00 +0000 UTC,local,10.01,9.31,10.01,10.01,1011,,,86,2.58,,100,overcast clouds
1680595200,2023-04-04 08:00:00 +0000 UTC,local,13.1,12.27,13.1,13.1,1011,,,69,2.33,,100,overcast clouds
1680598800,2023-04-04 09:00:00 +0000 UTC,local,16.13,15.34,16.13,16.13,1011,,,59,4.32,,99,overcast clouds
1680602400,2023-04-04 10:00:00 +0000 UTC,local,18.6,17.87,18.6,18.6,1011,,,52,4.97,,99,overcast clouds
1680606000,2023-04-04 11:00:00 +0000 UTC,local,20.44,19.74,20.44,20.44,1012,,,46,4.7,,96,overcast clouds
1680609600,2023-04-04 12:00:00 +0000 UTC,local,21.33,20.62,21.33,21.33,1012,,,42,4.38,,98,overcast clouds
1680613200,2023-04-04 13:00:00 +0000 UTC,local,22.14,21.48,22.14,22.14,1012,,,41,4.23,,88,overcast clouds
1680616800,2023-04-04 14:00:00 +0000 UTC,local,22.6,21.93,22.6,22.6,1011,,,39,3.64,,94,overcast clouds
1680620400,2023-04-04 15:00:00 +0000 UTC,local,22.68,22.0,22.68,22.68,1010,,,38,2.3,,96,overcast clouds
1680624000,2023-04-04 16:00:00 +0000 UTC,local,23.01,22.31,23.01,23.01,1010,,,36,0.67,,97,overcast clouds
1680627600,2023-04-04 17:00:00 +0000 UTC,local,23.05,22.3,23.05,23.05,1010,,,34,0.66,,98,overcast clouds
1680631200,2023-04-04 18:00:00 +0000 UTC,local,21.68,20.95,21.68,21.68,1010,,,40,1.65,,98,overcast clouds
1680634800,2023-04-04 19:00:00 +0000 UTC,local,17.74,16.85,17.74,17.74,1011,,,49,1.35,,100,overcast clouds
1680638400,2023-04-04 20:00:00 +0000 UTC,local,15.69,14.78,15.69,15.69,1012,,,56,1.07,,100,overcast clouds
1680642000,2023-04-04 21:00:00 +0000 UTC,local,14.4,13.49,14.4,14.4,1012,,,61,1.23,,90,overcast clouds
1680645600,2023-04-04 22:00:00 +0000 UTC,local,13.55,12.61,13.55,13.55,1013,,,63,1.09,,82,broken clouds
1680649200,2023-04-04 23:00:00 +0000 UTC,local,12.85,11.94,12.85,12.85,1014,,,67,1.86,,76,broken clouds
